var_base,topic,sex,race,age_group,marital_status,education_level,is_denominator,description
B01001_003,Demographics / Age,Male,All,Under 18,All,All,False,Total: Male: Under 5 years
B01001_004,Demographics / Age,Male,All,Under 18,All,All,False,Total: Male: 5 to 9 years
B01001_005,Demographics / Age,Male,All,Under 18,All,All,False,Total: Male: 10 to 14 years
B01001_006,Demographics / Age,Male,All,Under 18,All,All,False,Total: Male: 15 to 17 years
B01001_027,Demographics / Age,Female,All,Under 18,All,All,False,Total: Female: Under 5 years
B01001_028,Demographics / Age,Female,All,Under 18,All,All,False,Total: Female: 5 to 9 years
B01001_029,Demographics / Age,Female,All,Under 18,All,All,False,Total: Female: 10 to 14 years
B01001_030,Demographics / Age,Female,All,Under 18,All,All,False,Total: Female: 15 to 17 years
B05003_003,Demographics / Age,Male,All,Under 18,All,All,False,Total: Male: Under 18 years
B22002_006,Food Assistance (SNAP),Total,All,Under 18,All,All,False,"Total: Household received Food Stamps/SNAP in the past 12 months: With children under 18 years: Other family: Male householder, no spouse present"
B22002_007,Food Assistance (SNAP),Total,All,Under 18,All,All,False,"Total: Household received Food Stamps/SNAP in the past 12 months: With children under 18 years: Other family: Female householder, no spouse present"
B22002_012,Food Assistance (SNAP),Total,All,Under 18,All,All,False,"Total: Household received Food Stamps/SNAP in the past 12 months: No children under 18 years: Other family: Male householder, no spouse present"
B22002_013,Food Assistance (SNAP),Total,All,Under 18,All,All,False,"Total: Household received Food Stamps/SNAP in the past 12 months: No children under 18 years: Other family: Female householder, no spouse present"
B22002_019,Food Assistance (SNAP),Total,All,Under 18,All,All,False,"Total: Household did not receive Food Stamps/SNAP in the past 12 months: With children under 18 years: Other family: Male householder, no spouse present"
B22002_020,Food Assistance (SNAP),Total,All,Under 18,All,All,False,"Total: Household did not receive Food Stamps/SNAP in the past 12 months: With children under 18 years: Other family: Female householder, no spouse present"
B22002_025,Food Assistance (SNAP),Total,All,Under 18,All,All,False,"Total: Household did not receive Food Stamps/SNAP in the past 12 months: No children under 18 years: Other family: Male householder, no spouse present"
B22002_026,Food Assistance (SNAP),Total,All,Under 18,All,All,False,"Total: Household did not receive Food Stamps/SNAP in the past 12 months: No children under 18 years: Other family: Female householder, no spouse present"
B23001_004,Employment / Labor Force,Male,All,Under 18,All,All,False,Total: Male: 16 to 19 years: In labor force
B23001_005,Employment / Labor Force,Male,All,Under 18,All,All,False,Total: Male: 16 to 19 years: In labor force: In Armed Forces
B23001_089,Employment / Labor Force,Female,All,Under 18,All,All,False,Total: Female: 16 to 19 years
B23001_095,Employment / Labor Force,Female,All,Under 18,All,All,False,Total: Female: 16 to 19 years: Not in labor force
B27001_004,Demographics / Age,Male,All,Under 18,All,All,False,Total: Male: Under 6 years: With health insurance coverage
B01001_007,Demographics / Age,Male,All,18-24,All,All,False,Total: Male: 18 and 19 years
B01001_008,Demographics / Age,Male,All,18-24,All,All,False,Total: Male: 20 years
B01001_009,Demographics / Age,Male,All,18-24,All,All,False,Total: Male: 21 years
B01001_010,Demographics / Age,Male,All,18-24,All,All,False,Total: Male: 22 to 24 years
B01001_031,Demographics / Age,Female,All,18-24,All,All,False,Total: Female: 18 and 19 years
B01001_032,Demographics / Age,Female,All,18-24,All,All,False,Total: Female: 20 years
B01001_033,Demographics / Age,Female,All,18-24,All,All,False,Total: Female: 21 years
B01001_034,Demographics / Age,Female,All,18-24,All,All,False,Total: Female: 22 to 24 years
B23001_011,Employment / Labor Force,Male,All,18-24,All,All,False,Total: Male: 20 and 21 years: In labor force
B23001_012,Employment / Labor Force,Male,All,18-24,All,All,False,Total: Male: 20 and 21 years: In labor force: In Armed Forces
B23001_018,Employment / Labor Force,Male,All,18-24,All,All,False,Total: Male: 22 to 24 years: In labor force
B23001_019,Employment / Labor Force,Male,All,18-24,All,All,False,Total: Male: 22 to 24 years: In labor force: In Armed Forces
B23001_096,Employment / Labor Force,Female,All,18-24,All,All,False,Total: Female: 20 and 21 years
B23001_102,Employment / Labor Force,Female,All,18-24,All,All,False,Total: Female: 20 and 21 years: Not in labor force
B23001_103,Employment / Labor Force,Female,All,18-24,All,All,False,Total: Female: 22 to 24 years
B23001_109,Employment / Labor Force,Female,All,18-24,All,All,False,Total: Female: 22 to 24 years: Not in labor force
B01001_011,Demographics / Age,Male,All,25-34,All,All,False,Total: Male: 25 to 29 years
B01001_012,Demographics / Age,Male,All,25-34,All,All,False,Total: Male: 30 to 34 years
B01001_035,Demographics / Age,Female,All,25-34,All,All,False,Total: Female: 25 to 29 years
B01001_036,Demographics / Age,Female,All,25-34,All,All,False,Total: Female: 30 to 34 years
B23001_025,Employment / Labor Force,Male,All,25-34,All,All,False,Total: Male: 25 to 29 years: In labor force
B23001_026,Employment / Labor Force,Male,All,25-34,All,All,False,Total: Male: 25 to 29 years: In labor force: In Armed Forces
B23001_032,Employment / Labor Force,Male,All,25-34,All,All,False,Total: Male: 30 to 34 years: In labor force
B23001_033,Employment / Labor Force,Male,All,25-34,All,All,False,Total: Male: 30 to 34 years: In labor force: In Armed Forces
B23001_110,Employment / Labor Force,Female,All,25-34,All,All,False,Total: Female: 25 to 29 years
B23001_116,Employment / Labor Force,Female,All,25-34,All,All,False,Total: Female: 25 to 29 years: Not in labor force
B23001_117,Employment / Labor Force,Female,All,25-34,All,All,False,Total: Female: 30 to 34 years
B23001_123,Employment / Labor Force,Female,All,25-34,All,All,False,Total: Female: 30 to 34 years: Not in labor force
B01001A_026,Demographics / Age / Race,Female,White,35-45,All,All,False,Total: Female: 35 to 44 years
B01001B_026,Demographics / Age / Race,Female,Black or African American,35-45,All,All,False,Total: Female: 35 to 44 years
B01001C_026,Demographics / Age / Race,Female,Other,35-45,All,All,False,Total: Female: 35 to 44 years
B01001D_026,Demographics / Age / Race,Female,Asian,35-45,All,All,False,Total: Female: 35 to 44 years
B01001E_026,Demographics / Age / Race,Female,Other,35-45,All,All,False,Total: Female: 35 to 44 years
B01001F_026,Demographics / Age / Race,Female,Some Other Race,35-45,All,All,False,Total: Female: 35 to 44 years
B01001G_026,Demographics / Age,Female,Two or More Races,35-45,All,All,False,Total: Female: 35 to 44 years
B01001H_026,Demographics / Age / Race,Female,White,35-45,All,All,False,Total: Female: 35 to 44 years
B01001I_026,Demographics / Age / Race,Female,Hispanic or Latino,35-45,All,All,False,Total: Female: 35 to 44 years
B01001_013,Demographics / Age,Male,All,35-45,All,All,False,Total: Male: 35 to 39 years
B01001_014,Demographics / Age,Male,All,35-45,All,All,False,Total: Male: 40 to 44 years
B01001_037,Demographics / Age,Female,All,35-45,All,All,False,Total: Female: 35 to 39 years
B01001_038,Demographics / Age,Female,All,35-45,All,All,False,Total: Female: 40 to 44 years
B23001_039,Employment / Labor Force,Male,All,35-45,All,All,False,Total: Male: 35 to 44 years: In labor force
B23001_040,Employment / Labor Force,Male,All,35-45,All,All,False,Total: Male: 35 to 44 years: In labor force: In Armed Forces
B23001_124,Employment / Labor Force,Female,All,35-45,All,All,False,Total: Female: 35 to 44 years
B23001_130,Employment / Labor Force,Female,All,35-45,All,All,False,Total: Female: 35 to 44 years: Not in labor force
B01001_015,Demographics / Age,Male,All,45-64,All,All,False,Total: Male: 45 to 49 years
B01001_016,Demographics / Age,Male,All,45-64,All,All,False,Total: Male: 50 to 54 years
B01001_017,Demographics / Age,Male,All,45-64,All,All,False,Total: Male: 55 to 59 years
B01001_018,Demographics / Age,Male,All,45-64,All,All,False,Total: Male: 60 and 61 years
B01001_019,Demographics / Age,Male,All,45-64,All,All,False,Total: Male: 62 to 64 years
B01001_039,Demographics / Age,Female,All,45-64,All,All,False,Total: Female: 45 to 49 years
B01001_040,Demographics / Age,Female,All,45-64,All,All,False,Total: Female: 50 to 54 years
B01001_041,Demographics / Age,Female,All,45-64,All,All,False,Total: Female: 55 to 59 years
B01001_042,Demographics / Age,Female,All,45-64,All,All,False,Total: Female: 60 and 61 years
B01001_043,Demographics / Age,Female,All,45-64,All,All,False,Total: Female: 62 to 64 years
B23001_046,Employment / Labor Force,Male,All,45-64,All,All,False,Total: Male: 45 to 54 years: In labor force
B23001_047,Employment / Labor Force,Male,All,45-64,All,All,False,Total: Male: 45 to 54 years: In labor force: In Armed Forces
B23001_053,Employment / Labor Force,Male,All,45-64,All,All,False,Total: Male: 55 to 59 years: In labor force
B23001_054,Employment / Labor Force,Male,All,45-64,All,All,False,Total: Male: 55 to 59 years: In labor force: In Armed Forces
B23001_060,Employment / Labor Force,Male,All,45-64,All,All,False,Total: Male: 60 and 61 years: In labor force
B23001_061,Employment / Labor Force,Male,All,45-64,All,All,False,Total: Male: 60 and 61 years: In labor force: In Armed Forces
B23001_067,Employment / Labor Force,Male,All,45-64,All,All,False,Total: Male: 62 to 64 years: In labor force
B23001_068,Employment / Labor Force,Male,All,45-64,All,All,False,Total: Male: 62 to 64 years: In labor force: In Armed Forces
B23001_131,Employment / Labor Force,Female,All,45-64,All,All,False,Total: Female: 45 to 54 years
B23001_137,Employment / Labor Force,Female,All,45-64,All,All,False,Total: Female: 45 to 54 years: Not in labor force
B23001_138,Employment / Labor Force,Female,All,45-64,All,All,False,Total: Female: 55 to 59 years
B23001_144,Employment / Labor Force,Female,All,45-64,All,All,False,Total: Female: 55 to 59 years: Not in labor force
B23001_145,Employment / Labor Force,Female,All,45-64,All,All,False,Total: Female: 60 and 61 years
B23001_151,Employment / Labor Force,Female,All,45-64,All,All,False,Total: Female: 60 and 61 years: Not in labor force
B23001_152,Employment / Labor Force,Female,All,45-64,All,All,False,Total: Female: 62 to 64 years
B23001_158,Employment / Labor Force,Female,All,45-64,All,All,False,Total: Female: 62 to 64 years: Not in labor force
B01001_020,Demographics / Age,Male,All,65+,All,All,False,Total: Male: 65 and 66 years
B01001_021,Demographics / Age,Male,All,65+,All,All,False,Total: Male: 67 to 69 years
B01001_022,Demographics / Age,Male,All,65+,All,All,False,Total: Male: 70 to 74 years
B01001_023,Demographics / Age,Male,All,65+,All,All,False,Total: Male: 75 to 79 years
B01001_024,Demographics / Age,Male,All,65+,All,All,False,Total: Male: 80 to 84 years
B01001_025,Demographics / Age,Male,All,65+,All,All,False,Total: Male: 85 years and over
B01001_044,Demographics / Age,Female,All,65+,All,All,False,Total: Female: 65 and 66 years
B01001_045,Demographics / Age,Female,All,65+,All,All,False,Total: Female: 67 to 69 years
B01001_046,Demographics / Age,Female,All,65+,All,All,False,Total: Female: 70 to 74 years
B01001_047,Demographics / Age,Female,All,65+,All,All,False,Total: Female: 75 to 79 years
B01001_048,Demographics / Age,Female,All,65+,All,All,False,Total: Female: 80 to 84 years
B01001_049,Demographics / Age,Female,All,65+,All,All,False,Total: Female: 85 years and over
B23001_074,Employment / Labor Force,Male,All,65+,All,All,False,Total: Male: 65 to 69 years: In labor force
B23001_075,Employment / Labor Force,Male,All,65+,All,All,False,Total: Male: 65 to 69 years: In labor force: Employed
B23001_081,Employment / Labor Force,Male,All,65+,All,All,False,Total: Male: 70 to 74 years: In labor force: Unemployed
B23001_082,Employment / Labor Force,Male,All,65+,All,All,False,Total: Male: 70 to 74 years: Not in labor force
B23001_087,Employment / Labor Force,Male,All,65+,All,All,False,Total: Male: 75 years and over: Not in labor force
B23001_159,Employment / Labor Force,Female,All,65+,All,All,False,Total: Female: 65 to 69 years
B23001_165,Employment / Labor Force,Female,All,65+,All,All,False,Total: Female: 70 to 74 years: In labor force
B23001_166,Employment / Labor Force,Female,All,65+,All,All,False,Total: Female: 70 to 74 years: In labor force: Employed
B23001_172,Employment / Labor Force,Female,All,65+,All,All,False,Total: Female: 75 years and over: In labor force: Unemployed
B23001_173,Employment / Labor Force,Female,All,65+,All,All,False,Total: Female: 75 years and over: Not in labor force
C23002A_010,Employment / Labor Force / Race,Male,White,65+,All,All,False,Total: Male: 65 years and over
C23002A_011,Employment / Labor Force / Race,Male,White,65+,All,All,False,Total: Male: 65 years and over: In labor force
C23002A_012,Employment / Labor Force / Race,Male,White,65+,All,All,False,Total: Male: 65 years and over: In labor force: Employed
C23002A_013,Employment / Labor Force / Race,Male,White,65+,All,All,False,Total: Male: 65 years and over: In labor force: Unemployed
C23002A_014,Employment / Labor Force / Race,Male,White,65+,All,All,False,Total: Male: 65 years and over: Not in labor force
C23002A_023,Employment / Labor Force / Race,Female,White,65+,All,All,False,Total: Female: 65 years and over
C23002A_024,Employment / Labor Force / Race,Female,White,65+,All,All,False,Total: Female: 65 years and over: In labor force
C23002A_025,Employment / Labor Force / Race,Female,White,65+,All,All,False,Total: Female: 65 years and over: In labor force: Employed
C23002A_026,Employment / Labor Force / Race,Female,White,65+,All,All,False,Total: Female: 65 years and over: In labor force: Unemployed
C23002A_027,Employment / Labor Force / Race,Female,White,65+,All,All,False,Total: Female: 65 years and over: Not in labor force
C23002B_010,Employment / Labor Force / Race,Male,Black or African American,65+,All,All,False,Total: Male: 65 years and over
C23002B_011,Employment / Labor Force / Race,Male,Black or African American,65+,All,All,False,Total: Male: 65 years and over: In labor force
C23002B_012,Employment / Labor Force / Race,Male,Black or African American,65+,All,All,False,Total: Male: 65 years and over: In labor force: Employed
C23002B_013,Employment / Labor Force / Race,Male,Black or African American,65+,All,All,False,Total: Male: 65 years and over: In labor force: Unemployed
C23002B_014,Employment / Labor Force / Race,Male,Black or African American,65+,All,All,False,Total: Male: 65 years and over: Not in labor force
C23002B_023,Employment / Labor Force / Race,Female,Black or African American,65+,All,All,False,Total: Female: 65 years and over
C23002B_024,Employment / Labor Force / Race,Female,Black or African American,65+,All,All,False,Total: Female: 65 years and over: In labor force
C23002B_025,Employment / Labor Force / Race,Female,Black or African American,65+,All,All,False,Total: Female: 65 years and over: In labor force: Employed
C23002B_026,Employment / Labor Force / Race,Female,Black or African American,65+,All,All,False,Total: Female: 65 years and over: In labor force: Unemployed
C23002B_027,Employment / Labor Force / Race,Female,Black or African American,65+,All,All,False,Total: Female: 65 years and over: Not in labor force
C23002C_010,Employment / Labor Force / Race,Male,Other,65+,All,All,False,Total: Male: 65 years and over
C23002C_011,Employment / Labor Force / Race,Male,Other,65+,All,All,False,Total: Male: 65 years and over: In labor force
C23002C_012,Employment / Labor Force / Race,Male,Other,65+,All,All,False,Total: Male: 65 years and over: In labor force: Employed
C23002C_013,Employment / Labor Force / Race,Male,Other,65+,All,All,False,Total: Male: 65 years and over: In labor force: Unemployed
C23002C_014,Employment / Labor Force / Race,Male,Other,65+,All,All,False,Total: Male: 65 years and over: Not in labor force
C23002C_023,Employment / Labor Force / Race,Female,Other,65+,All,All,False,Total: Female: 65 years and over
C23002C_024,Employment / Labor Force / Race,Female,Other,65+,All,All,False,Total: Female: 65 years and over: In labor force
C23002C_025,Employment / Labor Force / Race,Female,Other,65+,All,All,False,Total: Female: 65 years and over: In labor force: Employed
C23002C_026,Employment / Labor Force / Race,Female,Other,65+,All,All,False,Total: Female: 65 years and over: In labor force: Unemployed
C23002C_027,Employment / Labor Force / Race,Female,Other,65+,All,All,False,Total: Female: 65 years and over: Not in labor force
C23002D_010,Employment / Labor Force / Race,Male,Asian,65+,All,All,False,Total: Male: 65 years and over
C23002D_011,Employment / Labor Force / Race,Male,Asian,65+,All,All,False,Total: Male: 65 years and over: In labor force
C23002D_012,Employment / Labor Force / Race,Male,Asian,65+,All,All,False,Total: Male: 65 years and over: In labor force: Employed
C23002D_013,Employment / Labor Force / Race,Male,Asian,65+,All,All,False,Total: Male: 65 years and over: In labor force: Unemployed
C23002D_014,Employment / Labor Force / Race,Male,Asian,65+,All,All,False,Total: Male: 65 years and over: Not in labor force
C23002D_023,Employment / Labor Force / Race,Female,Asian,65+,All,All,False,Total: Female: 65 years and over
C23002D_024,Employment / Labor Force / Race,Female,Asian,65+,All,All,False,Total: Female: 65 years and over: In labor force
C23002D_025,Employment / Labor Force / Race,Female,Asian,65+,All,All,False,Total: Female: 65 years and over: In labor force: Employed
C23002D_026,Employment / Labor Force / Race,Female,Asian,65+,All,All,False,Total: Female: 65 years and over: In labor force: Unemployed
C23002D_027,Employment / Labor Force / Race,Female,Asian,65+,All,All,False,Total: Female: 65 years and over: Not in labor force
C23002E_010,Employment / Labor Force / Race,Male,Other,65+,All,All,False,Total: Male: 65 years and over
C23002E_011,Employment / Labor Force / Race,Male,Other,65+,All,All,False,Total: Male: 65 years and over: In labor force
C23002E_012,Employment / Labor Force / Race,Male,Other,65+,All,All,False,Total: Male: 65 years and over: In labor force: Employed
C23002E_013,Employment / Labor Force / Race,Male,Other,65+,All,All,False,Total: Male: 65 years and over: In labor force: Unemployed
C23002E_014,Employment / Labor Force / Race,Male,Other,65+,All,All,False,Total: Male: 65 years and over: Not in labor force
C23002E_023,Employment / Labor Force / Race,Female,Other,65+,All,All,False,Total: Female: 65 years and over
C23002E_024,Employment / Labor Force / Race,Female,Other,65+,All,All,False,Total: Female: 65 years and over: In labor force
C23002E_025,Employment / Labor Force / Race,Female,Other,65+,All,All,False,Total: Female: 65 years and over: In labor force: Employed
C23002E_026,Employment / Labor Force / Race,Female,Other,65+,All,All,False,Total: Female: 65 years and over: In labor force: Unemployed
C23002E_027,Employment / Labor Force / Race,Female,Other,65+,All,All,False,Total: Female: 65 years and over: Not in labor force
C23002F_010,Employment / Labor Force / Race,Male,Some Other Race,65+,All,All,False,Total: Male: 65 years and over
C23002F_011,Employment / Labor Force / Race,Male,Some Other Race,65+,All,All,False,Total: Male: 65 years and over: In labor force
C23002F_012,Employment / Labor Force / Race,Male,Some Other Race,65+,All,All,False,Total: Male: 65 years and over: In labor force: Employed
C23002F_013,Employment / Labor Force / Race,Male,Some Other Race,65+,All,All,False,Total: Male: 65 years and over: In labor force: Unemployed
C23002F_014,Employment / Labor Force / Race,Male,Some Other Race,65+,All,All,False,Total: Male: 65 years and over: Not in labor force
C23002F_023,Employment / Labor Force / Race,Female,Some Other Race,65+,All,All,False,Total: Female: 65 years and over
C23002F_024,Employment / Labor Force / Race,Female,Some Other Race,65+,All,All,False,Total: Female: 65 years and over: In labor force
C23002F_025,Employment / Labor Force / Race,Female,Some Other Race,65+,All,All,False,Total: Female: 65 years and over: In labor force: Employed
C23002F_026,Employment / Labor Force / Race,Female,Some Other Race,65+,All,All,False,Total: Female: 65 years and over: In labor force: Unemployed
C23002F_027,Employment / Labor Force / Race,Female,Some Other Race,65+,All,All,False,Total: Female: 65 years and over: Not in labor force
C23002G_010,Employment / Labor Force,Male,Two or More Races,65+,All,All,False,Total: Male: 65 years and over
C23002G_011,Employment / Labor Force,Male,Two or More Races,65+,All,All,False,Total: Male: 65 years and over: In labor force
C23002G_012,Employment / Labor Force,Male,Two or More Races,65+,All,All,False,Total: Male: 65 years and over: In labor force: Employed
C23002G_013,Employment / Labor Force,Male,Two or More Races,65+,All,All,False,Total: Male: 65 years and over: In labor force: Unemployed
C23002G_014,Employment / Labor Force,Male,Two or More Races,65+,All,All,False,Total: Male: 65 years and over: Not in labor force
C23002G_023,Employment / Labor Force,Female,Two or More Races,65+,All,All,False,Total: Female: 65 years and over
C23002G_024,Employment / Labor Force,Female,Two or More Races,65+,All,All,False,Total: Female: 65 years and over: In labor force
C23002G_025,Employment / Labor Force,Female,Two or More Races,65+,All,All,False,Total: Female: 65 years and over: In labor force: Employed
C23002G_026,Employment / Labor Force,Female,Two or More Races,65+,All,All,False,Total: Female: 65 years and over: In labor force: Unemployed
C23002G_027,Employment / Labor Force,Female,Two or More Races,65+,All,All,False,Total: Female: 65 years and over: Not in labor force
C23002H_010,Employment / Labor Force / Race,Male,White,65+,All,All,False,Total: Male: 65 years and over
C23002H_011,Employment / Labor Force / Race,Male,White,65+,All,All,False,Total: Male: 65 years and over: In labor force
C23002H_012,Employment / Labor Force / Race,Male,White,65+,All,All,False,Total: Male: 65 years and over: In labor force: Employed
C23002H_013,Employment / Labor Force / Race,Male,White,65+,All,All,False,Total: Male: 65 years and over: In labor force: Unemployed
C23002H_014,Employment / Labor Force / Race,Male,White,65+,All,All,False,Total: Male: 65 years and over: Not in labor force
C23002H_023,Employment / Labor Force / Race,Female,White,65+,All,All,False,Total: Female: 65 years and over
C23002H_024,Employment / Labor Force / Race,Female,White,65+,All,All,False,Total: Female: 65 years and over: In labor force
C23002H_025,Employment / Labor Force / Race,Female,White,65+,All,All,False,Total: Female: 65 years and over: In labor force: Employed
C23002H_026,Employment / Labor Force / Race,Female,White,65+,All,All,False,Total: Female: 65 years and over: In labor force: Unemployed
C23002H_027,Employment / Labor Force / Race,Female,White,65+,All,All,False,Total: Female: 65 years and over: Not in labor force
C23002I_010,Employment / Labor Force / Race,Male,Hispanic or Latino,65+,All,All,False,Total: Male: 65 years and over
C23002I_011,Employment / Labor Force / Race,Male,Hispanic or Latino,65+,All,All,False,Total: Male: 65 years and over: In labor force
C23002I_012,Employment / Labor Force / Race,Male,Hispanic or Latino,65+,All,All,False,Total: Male: 65 years and over: In labor force: Employed
C23002I_013,Employment / Labor Force / Race,Male,Hispanic or Latino,65+,All,All,False,Total: Male: 65 years and over: In labor force: Unemployed
C23002I_014,Employment / Labor Force / Race,Male,Hispanic or Latino,65+,All,All,False,Total: Male: 65 years and over: Not in labor force
C23002I_023,Employment / Labor Force / Race,Female,Hispanic or Latino,65+,All,All,False,Total: Female: 65 years and over
C23002I_024,Employment / Labor Force / Race,Female,Hispanic or Latino,65+,All,All,False,Total: Female: 65 years and over: In labor force
C23002I_025,Employment / Labor Force / Race,Female,Hispanic or Latino,65+,All,All,False,Total: Female: 65 years and over: In labor force: Employed
C23002I_026,Employment / Labor Force / Race,Female,Hispanic or Latino,65+,All,All,False,Total: Female: 65 years and over: In labor force: Unemployed
C23002I_027,Employment / Labor Force / Race,Female,Hispanic or Latino,65+,All,All,False,Total: Female: 65 years and over: Not in labor force
B15002_003,Education Level,Male,All,All,All,Less than high school,False,Total: Male: No schooling completed
B15002_004,Education Level,Male,All,All,All,Less than high school,False,Total: Male: Nursery to 4th grade
B15002_005,Education Level,Male,All,All,All,Less than high school,False,Total: Male: 5th and 6th grade
B15002_006,Education Level,Male,All,All,All,Less than high school,False,Total: Male: 7th and 8th grade
B15002_007,Education Level,Male,All,All,All,Less than high school,False,Total: Male: 9th grade
B15002_008,Education Level,Male,All,All,All,Less than high school,False,Total: Male: 10th grade
B15002_009,Education Level,Male,All,All,All,Less than high school,False,Total: Male: 11th grade
B15002_010,Education Level,Male,All,All,All,Less than high school,False,"Total: Male: 12th grade, no diploma"
B15002_020,Education Level,Female,All,All,All,Less than high school,False,Total: Female: No schooling completed
B15002_021,Education Level,Female,All,All,All,Less than high school,False,Total: Female: Nursery to 4th grade
B15002_022,Education Level,Female,All,All,All,Less than high school,False,Total: Female: 5th and 6th grade
B15002_023,Education Level,Female,All,All,All,Less than high school,False,Total: Female: 7th and 8th grade
B15002_024,Education Level,Female,All,All,All,Less than high school,False,Total: Female: 9th grade
B15002_025,Education Level,Female,All,All,All,Less than high school,False,Total: Female: 10th grade
B15002_026,Education Level,Female,All,All,All,Less than high school,False,Total: Female: 11th grade
B15002_027,Education Level,Female,All,All,All,Less than high school,False,"Total: Female: 12th grade, no diploma"
B20004_002,Earnings / Education Level,Total,All,All,All,Less than high school,False,Total: Less than high school graduate
B20004_008,Earnings / Education Level,Male,All,All,All,Less than high school,False,Total: Male: Less than high school graduate
B20004_014,Earnings / Education Level,Female,All,All,All,Less than high school,False,Total: Female: Less than high school graduate
B15002_011,Education Level,Male,All,All,All,High school graduate,False,Total: Male: High school graduate (includes equivalency)
B15002_028,Education Level,Female,All,All,All,High school graduate,False,Total: Female: High school graduate (includes equivalency)
B20004_003,Earnings / Education Level,Total,All,All,All,High school graduate,False,Total: High school graduate (includes equivalency)
B20004_009,Earnings / Education Level,Male,All,All,All,High school graduate,False,Total: Male: High school graduate (includes equivalency)
B20004_015,Earnings / Education Level,Female,All,All,All,High school graduate,False,Total: Female: High school graduate (includes equivalency)
B15002_012,Education Level,Male,All,All,All,Some college,False,"Total: Male: Some college, less than 1 year"
B15002_013,Education Level,Male,All,All,All,Some college,False,"Total: Male: Some college, 1 or more years, no degree"
B15002_029,Education Level,Female,All,All,All,Some college,False,"Total: Female: Some college, less than 1 year"
B15002_030,Education Level,Female,All,All,All,Some college,False,"Total: Female: Some college, 1 or more years, no degree"
B20004_004,Earnings / Education Level,Total,All,All,All,Some college,False,Total: Some college or associate's degree
B20004_010,Earnings / Education Level,Male,All,All,All,Some college,False,Total: Male: Some college or associate's degree
B20004_016,Earnings / Education Level,Female,All,All,All,Some college,False,Total: Female: Some college or associate's degree
B15002_014,Education Level,Male,All,All,All,Associate's degree,False,Total: Male: Associate's degree
B15002_031,Education Level,Female,All,All,All,Associate's degree,False,Total: Female: Associate's degree
B15002_015,Education Level,Male,All,All,All,Bachelor's degree,False,Total: Male: Bachelor's degree
B15002_032,Education Level,Female,All,All,All,Bachelor's degree,False,Total: Female: Bachelor's degree
B20004_005,Earnings / Education Level,Total,All,All,All,Bachelor's degree,False,Total: Bachelor's degree
B20004_011,Earnings / Education Level,Male,All,All,All,Bachelor's degree,False,Total: Male: Bachelor's degree
B20004_017,Earnings / Education Level,Female,All,All,All,Bachelor's degree,False,Total: Female: Bachelor's degree
B20004_006,Earnings / Education Level,Total,All,All,All,Graduate or professional degree,False,Total: Graduate or professional degree
B20004_012,Earnings / Education Level,Male,All,All,All,Graduate or professional degree,False,Total: Male: Graduate or professional degree
B20004_018,Earnings / Education Level,Female,All,All,All,Graduate or professional degree,False,Total: Female: Graduate or professional degree
B15002_016,Education Level,Male,All,All,All,Master's degree,False,Total: Male: Master's degree
B15002_033,Education Level,Female,All,All,All,Master's degree,False,Total: Female: Master's degree
B15002_017,Education Level,Male,All,All,All,Professional school degree,False,Total: Male: Professional school degree
B15002_034,Education Level,Female,All,All,All,Professional school degree,False,Total: Female: Professional school degree
B15002_018,Education Level,Male,All,All,All,Doctorate degree,False,Total: Male: Doctorate degree
B15002_035,Education Level,Female,All,All,All,Doctorate degree,False,Total: Female: Doctorate degree
B01001A_002,Demographics / Age / Race,Male,White,All,All,All,True,Total: Male
B01001B_002,Demographics / Age / Race,Male,Black or African American,All,All,All,True,Total: Male
B01001C_002,Demographics / Age / Race,Male,Other,All,All,All,True,Total: Male
B01001D_002,Demographics / Age / Race,Male,Asian,All,All,All,True,Total: Male
B01001E_002,Demographics / Age / Race,Male,Other,All,All,All,True,Total: Male
B01001F_002,Demographics / Age / Race,Male,Some Other Race,All,All,All,True,Total: Male
B01001G_002,Demographics / Age,Male,Two or More Races,All,All,All,True,Total: Male
B01001H_002,Demographics / Age / Race,Male,White,All,All,All,True,Total: Male
B01001I_002,Demographics / Age / Race,Male,Hispanic or Latino,All,All,All,True,Total: Male
B01001_001,Demographics / Age,Total,All,All,All,All,True,Total
B01001_002,Demographics / Age,Male,All,All,All,All,True,Total: Male
B01001_026,Demographics / Age,Female,All,All,All,All,True,Total: Female
B05003_001,Demographics / Age,Total,All,All,All,All,True,Total
B05003_002,Demographics / Age,Male,All,All,All,All,True,Total: Male
B12001_001,Marital Status,Total,All,All,All,All,True,Total
B12001_002,Marital Status,Male,All,All,All,All,True,Total: Male
B12001_003,Marital Status,Male,All,All,Never married,All,False,Total: Male: Never married
B12001_004,Marital Status,Male,All,All,All,All,False,Total: Male: Now married
B12001_005,Marital Status,Male,All,All,Married,All,False,"Total: Male: Now married: Married, spouse present"
B12001_006,Marital Status,Male,All,All,Married,All,False,"Total: Male: Now married: Married, spouse absent"
B12001_007,Marital Status,Male,All,All,Separated,All,False,"Total: Male: Now married: Married, spouse absent: Separated"
B12001_008,Marital Status,Male,All,All,Married,All,False,"Total: Male: Now married: Married, spouse absent: Other"
B12001_009,Marital Status,Male,All,All,Widowed,All,False,Total: Male: Widowed
B12001_010,Marital Status,Male,All,All,Divorced,All,False,Total: Male: Divorced
B12001_011,Marital Status,Female,All,All,All,All,True,Total: Female
B12001_012,Marital Status,Female,All,All,Never married,All,False,Total: Female: Never married
B12001_013,Marital Status,Female,All,All,All,All,False,Total: Female: Now married
B12001_014,Marital Status,Female,All,All,Married,All,False,"Total: Female: Now married: Married, spouse present"
B12001_015,Marital Status,Female,All,All,Married,All,False,"Total: Female: Now married: Married, spouse absent"
B12001_016,Marital Status,Female,All,All,Separated,All,False,"Total: Female: Now married: Married, spouse absent: Separated"
B12001_017,Marital Status,Female,All,All,Married,All,False,"Total: Female: Now married: Married, spouse absent: Other"
B12001_018,Marital Status,Female,All,All,Widowed,All,False,Total: Female: Widowed
B12001_019,Marital Status,Female,All,All,Divorced,All,False,Total: Female: Divorced
B12006_001,Employment / Labor Force,Total,All,All,All,All,True,Total
B12006_002,Employment / Labor Force,Total,All,All,Never married,All,False,Total: Never married
B12006_003,Employment / Labor Force,Male,All,All,All,All,False,Total: Never married: Male
B12006_004,Employment / Labor Force,Male,All,All,Never married,All,False,Total: Never married: Male: In labor force
B12006_008,Employment / Labor Force,Female,All,All,All,All,False,Total: Never married: Female
B12006_009,Employment / Labor Force,Female,All,All,Never married,All,False,Total: Never married: Female: In labor force
B12006_014,Employment / Labor Force,Male,All,All,All,All,False,Total: Now married (except separated): Male
B12006_015,Employment / Labor Force,Male,All,All,All,All,False,Total: Now married (except separated): Male: In labor force
B12006_019,Employment / Labor Force,Female,All,All,All,All,False,Total: Now married (except separated): Female
B12006_020,Employment / Labor Force,Female,All,All,All,All,False,Total: Now married (except separated): Female: In labor force
B12006_025,Employment / Labor Force,Male,All,All,All,All,False,Total: Separated: Male
B12006_026,Employment / Labor Force,Male,All,All,Separated,All,False,Total: Separated: Male: In labor force
B12006_030,Employment / Labor Force,Female,All,All,All,All,False,Total: Separated: Female
B12006_031,Employment / Labor Force,Female,All,All,Separated,All,False,Total: Separated: Female: In labor force
B12006_036,Employment / Labor Force,Male,All,All,All,All,False,Total: Widowed: Male
B12006_037,Employment / Labor Force,Male,All,All,Widowed,All,False,Total: Widowed: Male: In labor force
B12006_041,Employment / Labor Force,Female,All,All,All,All,False,Total: Widowed: Female
B12006_042,Employment / Labor Force,Female,All,All,Widowed,All,False,Total: Widowed: Female: In labor force
B12006_047,Employment / Labor Force,Male,All,All,All,All,False,Total: Divorced: Male
B12006_048,Employment / Labor Force,Male,All,All,Divorced,All,False,Total: Divorced: Male: In labor force
B12006_052,Employment / Labor Force,Female,All,All,All,All,False,Total: Divorced: Female
B12006_053,Employment / Labor Force,Female,All,All,Divorced,All,False,Total: Divorced: Female: In labor force
B13002_001,Marital Status,Total,All,All,All,All,True,Total
B13002_002,Marital Status,Total,All,All,All,All,False,Total: Women who had a birth in the past 12 months
B15002_001,Education Level,Total,All,All,All,All,True,Total
B15002_002,Education Level,Male,All,All,All,All,True,Total: Male
B15002_019,Education Level,Female,All,All,All,All,True,Total: Female
B17001A_001,Poverty / Race,Total,White,All,All,All,True,Total
B17001A_002,Poverty / Race,Total,White,All,All,All,False,Total: Income in the past 12 months below poverty level
B17001A_003,Poverty / Race,Male,White,All,All,All,False,Total: Income in the past 12 months below poverty level: Male
B17001A_017,Poverty / Race,Female,White,All,All,All,False,Total: Income in the past 12 months below poverty level: Female
B17001A_032,Poverty / Race,Male,White,All,All,All,False,Total: Income in the past 12 months at or above poverty level: Male
B17001A_046,Poverty / Race,Female,White,All,All,All,False,Total: Income in the past 12 months at or above poverty level: Female
B17001B_001,Poverty / Race,Total,Black or African American,All,All,All,True,Total
B17001B_002,Poverty / Race,Total,Black or African American,All,All,All,False,Total: Income in the past 12 months below poverty level
B17001B_003,Poverty / Race,Male,Black or African American,All,All,All,False,Total: Income in the past 12 months below poverty level: Male
B17001B_017,Poverty / Race,Female,Black or African American,All,All,All,False,Total: Income in the past 12 months below poverty level: Female
B17001B_032,Poverty / Race,Male,Black or African American,All,All,All,False,Total: Income in the past 12 months at or above poverty level: Male
B17001B_046,Poverty / Race,Female,Black or African American,All,All,All,False,Total: Income in the past 12 months at or above poverty level: Female
B17001C_001,Poverty / Race,Total,Other,All,All,All,True,Total
B17001C_002,Poverty / Race,Total,Other,All,All,All,False,Total: Income in the past 12 months below poverty level
B17001C_003,Poverty / Race,Male,Other,All,All,All,False,Total: Income in the past 12 months below poverty level: Male
B17001C_017,Poverty / Race,Female,Other,All,All,All,False,Total: Income in the past 12 months below poverty level: Female
B17001C_032,Poverty / Race,Male,Other,All,All,All,False,Total: Income in the past 12 months at or above poverty level: Male
B17001C_046,Poverty / Race,Female,Other,All,All,All,False,Total: Income in the past 12 months at or above poverty level: Female
B17001D_001,Poverty / Race,Total,Asian,All,All,All,True,Total
B17001D_002,Poverty / Race,Total,Asian,All,All,All,False,Total: Income in the past 12 months below poverty level
B17001D_003,Poverty / Race,Male,Asian,All,All,All,False,Total: Income in the past 12 months below poverty level: Male
B17001D_017,Poverty / Race,Female,Asian,All,All,All,False,Total: Income in the past 12 months below poverty level: Female
B17001D_032,Poverty / Race,Male,Asian,All,All,All,False,Total: Income in the past 12 months at or above poverty level: Male
B17001D_046,Poverty / Race,Female,Asian,All,All,All,False,Total: Income in the past 12 months at or above poverty level: Female
B17001E_001,Poverty / Race,Total,Other,All,All,All,True,Total
B17001E_002,Poverty / Race,Total,Other,All,All,All,False,Total: Income in the past 12 months below poverty level
B17001E_003,Poverty / Race,Male,Other,All,All,All,False,Total: Income in the past 12 months below poverty level: Male
B17001E_017,Poverty / Race,Female,Other,All,All,All,False,Total: Income in the past 12 months below poverty level: Female
B17001E_032,Poverty / Race,Male,Other,All,All,All,False,Total: Income in the past 12 months at or above poverty level: Male
B17001E_046,Poverty / Race,Female,Other,All,All,All,False,Total: Income in the past 12 months at or above poverty level: Female
B17001F_001,Poverty / Race,Total,Some Other Race,All,All,All,True,Total
B17001F_002,Poverty / Race,Total,Some Other Race,All,All,All,False,Total: Income in the past 12 months below poverty level
B17001F_003,Poverty / Race,Male,Some Other Race,All,All,All,False,Total: Income in the past 12 months below poverty level: Male
B17001F_017,Poverty / Race,Female,Some Other Race,All,All,All,False,Total: Income in the past 12 months below poverty level: Female
B17001F_032,Poverty / Race,Male,Some Other Race,All,All,All,False,Total: Income in the past 12 months at or above poverty level: Male
B17001F_046,Poverty / Race,Female,Some Other Race,All,All,All,False,Total: Income in the past 12 months at or above poverty level: Female
B17001G_001,Poverty,Total,Two or More Races,All,All,All,True,Total
B17001G_002,Poverty,Total,Two or More Races,All,All,All,False,Total: Income in the past 12 months below poverty level
B17001G_003,Poverty,Male,Two or More Races,All,All,All,False,Total: Income in the past 12 months below poverty level: Male
B17001G_017,Poverty,Female,Two or More Races,All,All,All,False,Total: Income in the past 12 months below poverty level: Female
B17001G_032,Poverty,Male,Two or More Races,All,All,All,False,Total: Income in the past 12 months at or above poverty level: Male
B17001G_046,Poverty,Female,Two or More Races,All,All,All,False,Total: Income in the past 12 months at or above poverty level: Female
B17001H_001,Poverty / Race,Total,White,All,All,All,True,Total
B17001H_002,Poverty / Race,Total,White,All,All,All,False,Total: Income in the past 12 months below poverty level
B17001H_003,Poverty / Race,Male,White,All,All,All,False,Total: Income in the past 12 months below poverty level: Male
B17001H_017,Poverty / Race,Female,White,All,All,All,False,Total: Income in the past 12 months below poverty level: Female
B17001H_032,Poverty / Race,Male,White,All,All,All,False,Total: Income in the past 12 months at or above poverty level: Male
B17001H_046,Poverty / Race,Female,White,All,All,All,False,Total: Income in the past 12 months at or above poverty level: Female
B17001I_001,Poverty / Race,Total,Hispanic or Latino,All,All,All,True,Total
B17001I_002,Poverty / Race,Total,Hispanic or Latino,All,All,All,False,Total: Income in the past 12 months below poverty level
B17001I_003,Poverty / Race,Male,Hispanic or Latino,All,All,All,False,Total: Income in the past 12 months below poverty level: Male
B17001I_017,Poverty / Race,Female,Hispanic or Latino,All,All,All,False,Total: Income in the past 12 months below poverty level: Female
B17001I_032,Poverty / Race,Male,Hispanic or Latino,All,All,All,False,Total: Income in the past 12 months at or above poverty level: Male
B17001I_046,Poverty / Race,Female,Hispanic or Latino,All,All,All,False,Total: Income in the past 12 months at or above poverty level: Female
B17001_001,Poverty,Total,All,All,All,All,True,Total
B17001_002,Poverty,Total,All,All,All,All,False,Total: Income in the past 12 months below poverty level
B17001_003,Poverty,Male,All,All,All,All,False,Total: Income in the past 12 months below poverty level: Male
B17001_017,Poverty,Female,All,All,All,All,False,Total: Income in the past 12 months below poverty level: Female
B17001_032,Poverty,Male,All,All,All,All,False,Total: Income in the past 12 months at or above poverty level: Male
B17001_046,Poverty,Female,All,All,All,All,False,Total: Income in the past 12 months at or above poverty level: Female
B20004_007,Earnings / Education Level,Male,All,All,All,All,True,Total: Male
B20004_013,Earnings / Education Level,Female,All,All,All,All,True,Total: Female
B20005A_002,Sex by Work Experience in the Past 12 Months by Earnings in ,Male,White,All,All,All,True,Total: Male
B20005B_002,Sex by Work Experience in the Past 12 Months by Earnings in ,Male,Black or African American,All,All,All,True,Total: Male
B20005C_002,Sex by Work Experience in the Past 12 Months by Earnings in ,Male,Other,All,All,All,True,Total: Male
B20005D_002,Sex by Work Experience in the Past 12 Months by Earnings in ,Male,Asian,All,All,All,True,Total: Male
B20005E_002,Sex by Work Experience in the Past 12 Months by Earnings in ,Male,Other,All,All,All,True,Total: Male
B20005F_002,Sex by Work Experience in the Past 12 Months by Earnings in ,Male,Some Other Race,All,All,All,True,Total: Male
B20005G_002,Sex by Work Experience in the Past 12 Months by Earnings in ,Male,Two or More Races,All,All,All,True,Total: Male
B20005H_002,Sex by Work Experience in the Past 12 Months by Earnings in ,Male,White,All,All,All,True,Total: Male
B20005I_002,Sex by Work Experience in the Past 12 Months by Earnings in ,Male,Hispanic or Latino,All,All,All,True,Total: Male
B20017A_003,Earnings / Race,Total,White,All,All,All,False,"Median earnings in the past 12 months (in 2024 inflation-adjusted dollars) --: Total: Male --: Total: Worked full-time, year-round in the past 12 months"
B20017A_006,Earnings / Race,Total,White,All,All,All,False,"Median earnings in the past 12 months (in 2024 inflation-adjusted dollars) --: Total: Female --: Total: Worked full-time, year-round in the past 12 months"
B20017B_003,Earnings / Race,Total,Black or African American,All,All,All,False,"Median earnings in the past 12 months (in 2024 inflation-adjusted dollars) --: Total: Male --: Total: Worked full-time, year-round in the past 12 months"
B20017B_006,Earnings / Race,Total,Black or African American,All,All,All,False,"Median earnings in the past 12 months (in 2024 inflation-adjusted dollars) --: Total: Female --: Total: Worked full-time, year-round in the past 12 months"
B20017C_003,Earnings / Race,Total,Other,All,All,All,False,"Median earnings in the past 12 months (in 2024 inflation-adjusted dollars) --: Total: Male --: Total: Worked full-time, year-round in the past 12 months"
B20017C_006,Earnings / Race,Total,Other,All,All,All,False,"Median earnings in the past 12 months (in 2024 inflation-adjusted dollars) --: Total: Female --: Total: Worked full-time, year-round in the past 12 months"
B20017D_003,Earnings / Race,Total,Asian,All,All,All,False,"Median earnings in the past 12 months (in 2024 inflation-adjusted dollars) --: Total: Male --: Total: Worked full-time, year-round in the past 12 months"
B20017D_006,Earnings / Race,Total,Asian,All,All,All,False,"Median earnings in the past 12 months (in 2024 inflation-adjusted dollars) --: Total: Female --: Total: Worked full-time, year-round in the past 12 months"
B20017E_003,Earnings / Race,Total,Other,All,All,All,False,"Median earnings in the past 12 months (in 2024 inflation-adjusted dollars) --: Total: Male --: Total: Worked full-time, year-round in the past 12 months"
B20017E_006,Earnings / Race,Total,Other,All,All,All,False,"Median earnings in the past 12 months (in 2024 inflation-adjusted dollars) --: Total: Female --: Total: Worked full-time, year-round in the past 12 months"
B20017F_003,Earnings / Race,Total,Some Other Race,All,All,All,False,"Median earnings in the past 12 months (in 2024 inflation-adjusted dollars) --: Total: Male --: Total: Worked full-time, year-round in the past 12 months"
B20017F_006,Earnings / Race,Total,Some Other Race,All,All,All,False,"Median earnings in the past 12 months (in 2024 inflation-adjusted dollars) --: Total: Female --: Total: Worked full-time, year-round in the past 12 months"
B20017G_003,Earnings,Total,Two or More Races,All,All,All,False,"Median earnings in the past 12 months (in 2024 inflation-adjusted dollars) --: Total: Male --: Total: Worked full-time, year-round in the past 12 months"
B20017G_006,Earnings,Total,Two or More Races,All,All,All,False,"Median earnings in the past 12 months (in 2024 inflation-adjusted dollars) --: Total: Female --: Total: Worked full-time, year-round in the past 12 months"
B20017H_003,Earnings / Race,Total,White,All,All,All,False,"Median earnings in the past 12 months (in 2024 inflation-adjusted dollars) --: Total: Male --: Total: Worked full-time, year-round in the past 12 months"
B20017H_006,Earnings / Race,Total,White,All,All,All,False,"Median earnings in the past 12 months (in 2024 inflation-adjusted dollars) --: Total: Female --: Total: Worked full-time, year-round in the past 12 months"
B20017I_003,Earnings / Race,Total,Hispanic or Latino,All,All,All,False,"Median earnings in the past 12 months (in 2024 inflation-adjusted dollars) --: Total: Male --: Total: Worked full-time, year-round in the past 12 months"
B20017I_006,Earnings / Race,Total,Hispanic or Latino,All,All,All,False,"Median earnings in the past 12 months (in 2024 inflation-adjusted dollars) --: Total: Female --: Total: Worked full-time, year-round in the past 12 months"
B20017_003,Earnings,Total,All,All,All,All,False,"Median earnings in the past 12 months (in 2024 inflation-adjusted dollars) --: Total (dollars): Male --: Total (dollars): Worked full-time, year-round in the past 12 months (dollars)"
B20017_006,Earnings,Total,All,All,All,All,False,"Median earnings in the past 12 months (in 2024 inflation-adjusted dollars) --: Total (dollars): Female --: Total (dollars): Worked full-time, year-round in the past 12 months (dollars)"
B22002_001,Food Assistance (SNAP),Total,All,All,All,All,True,Total
B22002_002,Food Assistance (SNAP),Total,All,All,All,All,False,Total: Household received Food Stamps/SNAP in the past 12 months
B22010_001,Food Assistance (SNAP),Total,All,All,All,All,True,Total
B22010_002,Food Assistance (SNAP),Total,All,All,All,All,False,Total: Household received Food Stamps/SNAP in the past 12 months
B23001_002,Employment / Labor Force,Male,All,All,All,All,True,Total: Male
B23001_088,Employment / Labor Force,Female,All,All,All,All,True,Total: Female
B24022_001,Earnings,Total,All,All,All,All,True,Total
B24022_002,Earnings,Male,All,All,All,All,True,Total: Male
B25003_001,Housing,Total,All,All,All,All,True,Total
B25003_002,Housing,Total,All,All,All,All,False,Total: Owner occupied
B25003_003,Housing,Total,All,All,All,All,False,Total: Renter occupied
B25064_001,Housing,Total,All,All,All,All,False,Median gross rent
B25070_001,Housing / Rent Burden,Total,All,All,All,All,True,Total
B25070_002,Housing / Rent Burden,Total,All,All,All,All,False,Total: Less than 10.0 percent
B25070_003,Housing / Rent Burden,Total,All,All,All,All,False,Total: 10.0 to 14.9 percent
B25070_004,Housing / Rent Burden,Total,All,All,All,All,False,Total: 15.0 to 19.9 percent
B25070_005,Housing / Rent Burden,Total,All,All,All,All,False,Total: 20.0 to 24.9 percent
B25070_006,Housing / Rent Burden,Total,All,All,All,All,False,Total: 25.0 to 29.9 percent
B25070_007,Housing / Rent Burden,Total,All,All,All,All,False,Total: 30.0 to 34.9 percent
B25070_008,Housing / Rent Burden,Total,All,All,All,All,False,Total: 35.0 to 39.9 percent
B25070_009,Housing / Rent Burden,Total,All,All,All,All,False,Total: 40.0 to 49.9 percent
B25070_010,Housing / Rent Burden,Total,All,All,All,All,False,Total: 50.0 percent or more
B27001_001,Demographics / Age,Total,All,All,All,All,True,Total
C23002A_001,Employment / Labor Force / Race,Total,White,All,All,All,True,Total
C23002A_002,Employment / Labor Force / Race,Male,White,All,All,All,True,Total: Male
C23002A_003,Employment / Labor Force / Race,Male,White,All,All,All,False,Total: Male: 16 to 64 years
C23002A_004,Employment / Labor Force / Race,Male,White,All,All,All,False,Total: Male: 16 to 64 years: In labor force
C23002A_005,Employment / Labor Force / Race,Male,White,All,All,All,False,Total: Male: 16 to 64 years: In labor force: In Armed Forces
C23002A_006,Employment / Labor Force / Race,Male,White,All,All,All,False,Total: Male: 16 to 64 years: In labor force: Civilian
C23002A_007,Employment / Labor Force / Race,Male,White,All,All,All,False,Total: Male: 16 to 64 years: In labor force: Civilian: Employed
C23002A_008,Employment / Labor Force / Race,Male,White,All,All,All,False,Total: Male: 16 to 64 years: In labor force: Civilian: Unemployed
C23002A_009,Employment / Labor Force / Race,Male,White,All,All,All,False,Total: Male: 16 to 64 years: Not in labor force
C23002A_015,Employment / Labor Force / Race,Female,White,All,All,All,True,Total: Female
C23002A_016,Employment / Labor Force / Race,Female,White,All,All,All,False,Total: Female: 16 to 64 years
C23002A_017,Employment / Labor Force / Race,Female,White,All,All,All,False,Total: Female: 16 to 64 years: In labor force
C23002A_018,Employment / Labor Force / Race,Female,White,All,All,All,False,Total: Female: 16 to 64 years: In labor force: In Armed Forces
C23002A_019,Employment / Labor Force / Race,Female,White,All,All,All,False,Total: Female: 16 to 64 years: In labor force: Civilian
C23002A_020,Employment / Labor Force / Race,Female,White,All,All,All,False,Total: Female: 16 to 64 years: In labor force: Civilian: Employed
C23002A_021,Employment / Labor Force / Race,Female,White,All,All,All,False,Total: Female: 16 to 64 years: In labor force: Civilian: Unemployed
C23002A_022,Employment / Labor Force / Race,Female,White,All,All,All,False,Total: Female: 16 to 64 years: Not in labor force
C23002B_001,Employment / Labor Force / Race,Total,Black or African American,All,All,All,True,Total
C23002B_002,Employment / Labor Force / Race,Male,Black or African American,All,All,All,True,Total: Male
C23002B_003,Employment / Labor Force / Race,Male,Black or African American,All,All,All,False,Total: Male: 16 to 64 years
C23002B_004,Employment / Labor Force / Race,Male,Black or African American,All,All,All,False,Total: Male: 16 to 64 years: In labor force
C23002B_005,Employment / Labor Force / Race,Male,Black or African American,All,All,All,False,Total: Male: 16 to 64 years: In labor force: In Armed Forces
C23002B_006,Employment / Labor Force / Race,Male,Black or African American,All,All,All,False,Total: Male: 16 to 64 years: In labor force: Civilian
C23002B_007,Employment / Labor Force / Race,Male,Black or African American,All,All,All,False,Total: Male: 16 to 64 years: In labor force: Civilian: Employed
C23002B_008,Employment / Labor Force / Race,Male,Black or African American,All,All,All,False,Total: Male: 16 to 64 years: In labor force: Civilian: Unemployed
C23002B_009,Employment / Labor Force / Race,Male,Black or African American,All,All,All,False,Total: Male: 16 to 64 years: Not in labor force
C23002B_015,Employment / Labor Force / Race,Female,Black or African American,All,All,All,True,Total: Female
C23002B_016,Employment / Labor Force / Race,Female,Black or African American,All,All,All,False,Total: Female: 16 to 64 years
C23002B_017,Employment / Labor Force / Race,Female,Black or African American,All,All,All,False,Total: Female: 16 to 64 years: In labor force
C23002B_018,Employment / Labor Force / Race,Female,Black or African American,All,All,All,False,Total: Female: 16 to 64 years: In labor force: In Armed Forces
C23002B_019,Employment / Labor Force / Race,Female,Black or African American,All,All,All,False,Total: Female: 16 to 64 years: In labor force: Civilian
C23002B_020,Employment / Labor Force / Race,Female,Black or African American,All,All,All,False,Total: Female: 16 to 64 years: In labor force: Civilian: Employed
C23002B_021,Employment / Labor Force / Race,Female,Black or African American,All,All,All,False,Total: Female: 16 to 64 years: In labor force: Civilian: Unemployed
C23002B_022,Employment / Labor Force / Race,Female,Black or African American,All,All,All,False,Total: Female: 16 to 64 years: Not in labor force
C23002C_001,Employment / Labor Force / Race,Total,Other,All,All,All,True,Total
C23002C_002,Employment / Labor Force / Race,Male,Other,All,All,All,True,Total: Male
C23002C_003,Employment / Labor Force / Race,Male,Other,All,All,All,False,Total: Male: 16 to 64 years
C23002C_004,Employment / Labor Force / Race,Male,Other,All,All,All,False,Total: Male: 16 to 64 years: In labor force
C23002C_005,Employment / Labor Force / Race,Male,Other,All,All,All,False,Total: Male: 16 to 64 years: In labor force: In Armed Forces
C23002C_006,Employment / Labor Force / Race,Male,Other,All,All,All,False,Total: Male: 16 to 64 years: In labor force: Civilian
C23002C_007,Employment / Labor Force / Race,Male,Other,All,All,All,False,Total: Male: 16 to 64 years: In labor force: Civilian: Employed
C23002C_008,Employment / Labor Force / Race,Male,Other,All,All,All,False,Total: Male: 16 to 64 years: In labor force: Civilian: Unemployed
C23002C_009,Employment / Labor Force / Race,Male,Other,All,All,All,False,Total: Male: 16 to 64 years: Not in labor force
C23002C_015,Employment / Labor Force / Race,Female,Other,All,All,All,True,Total: Female
C23002C_016,Employment / Labor Force / Race,Female,Other,All,All,All,False,Total: Female: 16 to 64 years
C23002C_017,Employment / Labor Force / Race,Female,Other,All,All,All,False,Total: Female: 16 to 64 years: In labor force
C23002C_018,Employment / Labor Force / Race,Female,Other,All,All,All,False,Total: Female: 16 to 64 years: In labor force: In Armed Forces
C23002C_019,Employment / Labor Force / Race,Female,Other,All,All,All,False,Total: Female: 16 to 64 years: In labor force: Civilian
C23002C_020,Employment / Labor Force / Race,Female,Other,All,All,All,False,Total: Female: 16 to 64 years: In labor force: Civilian: Employed
C23002C_021,Employment / Labor Force / Race,Female,Other,All,All,All,False,Total: Female: 16 to 64 years: In labor force: Civilian: Unemployed
C23002C_022,Employment / Labor Force / Race,Female,Other,All,All,All,False,Total: Female: 16 to 64 years: Not in labor force
C23002D_001,Employment / Labor Force / Race,Total,Asian,All,All,All,True,Total
C23002D_002,Employment / Labor Force / Race,Male,Asian,All,All,All,True,Total: Male
C23002D_003,Employment / Labor Force / Race,Male,Asian,All,All,All,False,Total: Male: 16 to 64 years
C23002D_004,Employment / Labor Force / Race,Male,Asian,All,All,All,False,Total: Male: 16 to 64 years: In labor force
C23002D_005,Employment / Labor Force / Race,Male,Asian,All,All,All,False,Total: Male: 16 to 64 years: In labor force: In Armed Forces
C23002D_006,Employment / Labor Force / Race,Male,Asian,All,All,All,False,Total: Male: 16 to 64 years: In labor force: Civilian
C23002D_007,Employment / Labor Force / Race,Male,Asian,All,All,All,False,Total: Male: 16 to 64 years: In labor force: Civilian: Employed
C23002D_008,Employment / Labor Force / Race,Male,Asian,All,All,All,False,Total: Male: 16 to 64 years: In labor force: Civilian: Unemployed
C23002D_009,Employment / Labor Force / Race,Male,Asian,All,All,All,False,Total: Male: 16 to 64 years: Not in labor force
C23002D_015,Employment / Labor Force / Race,Female,Asian,All,All,All,True,Total: Female
C23002D_016,Employment / Labor Force / Race,Female,Asian,All,All,All,False,Total: Female: 16 to 64 years
C23002D_017,Employment / Labor Force / Race,Female,Asian,All,All,All,False,Total: Female: 16 to 64 years: In labor force
C23002D_018,Employment / Labor Force / Race,Female,Asian,All,All,All,False,Total: Female: 16 to 64 years: In labor force: In Armed Forces
C23002D_019,Employment / Labor Force / Race,Female,Asian,All,All,All,False,Total: Female: 16 to 64 years: In labor force: Civilian
C23002D_020,Employment / Labor Force / Race,Female,Asian,All,All,All,False,Total: Female: 16 to 64 years: In labor force: Civilian: Employed
C23002D_021,Employment / Labor Force / Race,Female,Asian,All,All,All,False,Total: Female: 16 to 64 years: In labor force: Civilian: Unemployed
C23002D_022,Employment / Labor Force / Race,Female,Asian,All,All,All,False,Total: Female: 16 to 64 years: Not in labor force
C23002E_001,Employment / Labor Force / Race,Total,Other,All,All,All,True,Total
C23002E_002,Employment / Labor Force / Race,Male,Other,All,All,All,True,Total: Male
C23002E_003,Employment / Labor Force / Race,Male,Other,All,All,All,False,Total: Male: 16 to 64 years
C23002E_004,Employment / Labor Force / Race,Male,Other,All,All,All,False,Total: Male: 16 to 64 years: In labor force
C23002E_005,Employment / Labor Force / Race,Male,Other,All,All,All,False,Total: Male: 16 to 64 years: In labor force: In Armed Forces
C23002E_006,Employment / Labor Force / Race,Male,Other,All,All,All,False,Total: Male: 16 to 64 years: In labor force: Civilian
C23002E_007,Employment / Labor Force / Race,Male,Other,All,All,All,False,Total: Male: 16 to 64 years: In labor force: Civilian: Employed
C23002E_008,Employment / Labor Force / Race,Male,Other,All,All,All,False,Total: Male: 16 to 64 years: In labor force: Civilian: Unemployed
C23002E_009,Employment / Labor Force / Race,Male,Other,All,All,All,False,Total: Male: 16 to 64 years: Not in labor force
C23002E_015,Employment / Labor Force / Race,Female,Other,All,All,All,True,Total: Female
C23002E_016,Employment / Labor Force / Race,Female,Other,All,All,All,False,Total: Female: 16 to 64 years
C23002E_017,Employment / Labor Force / Race,Female,Other,All,All,All,False,Total: Female: 16 to 64 years: In labor force
C23002E_018,Employment / Labor Force / Race,Female,Other,All,All,All,False,Total: Female: 16 to 64 years: In labor force: In Armed Forces
C23002E_019,Employment / Labor Force / Race,Female,Other,All,All,All,False,Total: Female: 16 to 64 years: In labor force: Civilian
C23002E_020,Employment / Labor Force / Race,Female,Other,All,All,All,False,Total: Female: 16 to 64 years: In labor force: Civilian: Employed
C23002E_021,Employment / Labor Force / Race,Female,Other,All,All,All,False,Total: Female: 16 to 64 years: In labor force: Civilian: Unemployed
C23002E_022,Employment / Labor Force / Race,Female,Other,All,All,All,False,Total: Female: 16 to 64 years: Not in labor force
C23002F_001,Employment / Labor Force / Race,Total,Some Other Race,All,All,All,True,Total
C23002F_002,Employment / Labor Force / Race,Male,Some Other Race,All,All,All,True,Total: Male
C23002F_003,Employment / Labor Force / Race,Male,Some Other Race,All,All,All,False,Total: Male: 16 to 64 years
C23002F_004,Employment / Labor Force / Race,Male,Some Other Race,All,All,All,False,Total: Male: 16 to 64 years: In labor force
C23002F_005,Employment / Labor Force / Race,Male,Some Other Race,All,All,All,False,Total: Male: 16 to 64 years: In labor force: In Armed Forces
C23002F_006,Employment / Labor Force / Race,Male,Some Other Race,All,All,All,False,Total: Male: 16 to 64 years: In labor force: Civilian
C23002F_007,Employment / Labor Force / Race,Male,Some Other Race,All,All,All,False,Total: Male: 16 to 64 years: In labor force: Civilian: Employed
C23002F_008,Employment / Labor Force / Race,Male,Some Other Race,All,All,All,False,Total: Male: 16 to 64 years: In labor force: Civilian: Unemployed
C23002F_009,Employment / Labor Force / Race,Male,Some Other Race,All,All,All,False,Total: Male: 16 to 64 years: Not in labor force
C23002F_015,Employment / Labor Force / Race,Female,Some Other Race,All,All,All,True,Total: Female
C23002F_016,Employment / Labor Force / Race,Female,Some Other Race,All,All,All,False,Total: Female: 16 to 64 years
C23002F_017,Employment / Labor Force / Race,Female,Some Other Race,All,All,All,False,Total: Female: 16 to 64 years: In labor force
C23002F_018,Employment / Labor Force / Race,Female,Some Other Race,All,All,All,False,Total: Female: 16 to 64 years: In labor force: In Armed Forces
C23002F_019,Employment / Labor Force / Race,Female,Some Other Race,All,All,All,False,Total: Female: 16 to 64 years: In labor force: Civilian
C23002F_020,Employment / Labor Force / Race,Female,Some Other Race,All,All,All,False,Total: Female: 16 to 64 years: In labor force: Civilian: Employed
C23002F_021,Employment / Labor Force / Race,Female,Some Other Race,All,All,All,False,Total: Female: 16 to 64 years: In labor force: Civilian: Unemployed
C23002F_022,Employment / Labor Force / Race,Female,Some Other Race,All,All,All,False,Total: Female: 16 to 64 years: Not in labor force
C23002G_001,Employment / Labor Force,Total,Two or More Races,All,All,All,True,Total
C23002G_002,Employment / Labor Force,Male,Two or More Races,All,All,All,True,Total: Male
C23002G_003,Employment / Labor Force,Male,Two or More Races,All,All,All,False,Total: Male: 16 to 64 years
C23002G_004,Employment / Labor Force,Male,Two or More Races,All,All,All,False,Total: Male: 16 to 64 years: In labor force
C23002G_005,Employment / Labor Force,Male,Two or More Races,All,All,All,False,Total: Male: 16 to 64 years: In labor force: In Armed Forces
C23002G_006,Employment / Labor Force,Male,Two or More Races,All,All,All,False,Total: Male: 16 to 64 years: In labor force: Civilian
C23002G_007,Employment / Labor Force,Male,Two or More Races,All,All,All,False,Total: Male: 16 to 64 years: In labor force: Civilian: Employed
C23002G_008,Employment / Labor Force,Male,Two or More Races,All,All,All,False,Total: Male: 16 to 64 years: In labor force: Civilian: Unemployed
C23002G_009,Employment / Labor Force,Male,Two or More Races,All,All,All,False,Total: Male: 16 to 64 years: Not in labor force
C23002G_015,Employment / Labor Force,Female,Two or More Races,All,All,All,True,Total: Female
C23002G_016,Employment / Labor Force,Female,Two or More Races,All,All,All,False,Total: Female: 16 to 64 years
C23002G_017,Employment / Labor Force,Female,Two or More Races,All,All,All,False,Total: Female: 16 to 64 years: In labor force
C23002G_018,Employment / Labor Force,Female,Two or More Races,All,All,All,False,Total: Female: 16 to 64 years: In labor force: In Armed Forces
C23002G_019,Employment / Labor Force,Female,Two or More Races,All,All,All,False,Total: Female: 16 to 64 years: In labor force: Civilian
C23002G_020,Employment / Labor Force,Female,Two or More Races,All,All,All,False,Total: Female: 16 to 64 years: In labor force: Civilian: Employed
C23002G_021,Employment / Labor Force,Female,Two or More Races,All,All,All,False,Total: Female: 16 to 64 years: In labor force: Civilian: Unemployed
C23002G_022,Employment / Labor Force,Female,Two or More Races,All,All,All,False,Total: Female: 16 to 64 years: Not in labor force
C23002H_001,Employment / Labor Force / Race,Total,White,All,All,All,True,Total
C23002H_002,Employment / Labor Force / Race,Male,White,All,All,All,True,Total: Male
C23002H_003,Employment / Labor Force / Race,Male,White,All,All,All,False,Total: Male: 16 to 64 years
C23002H_004,Employment / Labor Force / Race,Male,White,All,All,All,False,Total: Male: 16 to 64 years: In labor force
C23002H_005,Employment / Labor Force / Race,Male,White,All,All,All,False,Total: Male: 16 to 64 years: In labor force: In Armed Forces
C23002H_006,Employment / Labor Force / Race,Male,White,All,All,All,False,Total: Male: 16 to 64 years: In labor force: Civilian
C23002H_007,Employment / Labor Force / Race,Male,White,All,All,All,False,Total: Male: 16 to 64 years: In labor force: Civilian: Employed
C23002H_008,Employment / Labor Force / Race,Male,White,All,All,All,False,Total: Male: 16 to 64 years: In labor force: Civilian: Unemployed
C23002H_009,Employment / Labor Force / Race,Male,White,All,All,All,False,Total: Male: 16 to 64 years: Not in labor force
C23002H_015,Employment / Labor Force / Race,Female,White,All,All,All,True,Total: Female
C23002H_016,Employment / Labor Force / Race,Female,White,All,All,All,False,Total: Female: 16 to 64 years
C23002H_017,Employment / Labor Force / Race,Female,White,All,All,All,False,Total: Female: 16 to 64 years: In labor force
C23002H_018,Employment / Labor Force / Race,Female,White,All,All,All,False,Total: Female: 16 to 64 years: In labor force: In Armed Forces
C23002H_019,Employment / Labor Force / Race,Female,White,All,All,All,False,Total: Female: 16 to 64 years: In labor force: Civilian
C23002H_020,Employment / Labor Force / Race,Female,White,All,All,All,False,Total: Female: 16 to 64 years: In labor force: Civilian: Employed
C23002H_021,Employment / Labor Force / Race,Female,White,All,All,All,False,Total: Female: 16 to 64 years: In labor force: Civilian: Unemployed
C23002H_022,Employment / Labor Force / Race,Female,White,All,All,All,False,Total: Female: 16 to 64 years: Not in labor force
C23002I_001,Employment / Labor Force / Race,Total,Hispanic or Latino,All,All,All,True,Total
C23002I_002,Employment / Labor Force / Race,Male,Hispanic or Latino,All,All,All,True,Total: Male
C23002I_003,Employment / Labor Force / Race,Male,Hispanic or Latino,All,All,All,False,Total: Male: 16 to 64 years
C23002I_004,Employment / Labor Force / Race,Male,Hispanic or Latino,All,All,All,False,Total: Male: 16 to 64 years: In labor force
C23002I_005,Employment / Labor Force / Race,Male,Hispanic or Latino,All,All,All,False,Total: Male: 16 to 64 years: In labor force: In Armed Forces
C23002I_006,Employment / Labor Force / Race,Male,Hispanic or Latino,All,All,All,False,Total: Male: 16 to 64 years: In labor force: Civilian
C23002I_007,Employment / Labor Force / Race,Male,Hispanic or Latino,All,All,All,False,Total: Male: 16 to 64 years: In labor force: Civilian: Employed
C23002I_008,Employment / Labor Force / Race,Male,Hispanic or Latino,All,All,All,False,Total: Male: 16 to 64 years: In labor force: Civilian: Unemployed
C23002I_009,Employment / Labor Force / Race,Male,Hispanic or Latino,All,All,All,False,Total: Male: 16 to 64 years: Not in labor force
C23002I_015,Employment / Labor Force / Race,Female,Hispanic or Latino,All,All,All,True,Total: Female
C23002I_016,Employment / Labor Force / Race,Female,Hispanic or Latino,All,All,All,False,Total: Female: 16 to 64 years
C23002I_017,Employment / Labor Force / Race,Female,Hispanic or Latino,All,All,All,False,Total: Female: 16 to 64 years: In labor force
C23002I_018,Employment / Labor Force / Race,Female,Hispanic or Latino,All,All,All,False,Total: Female: 16 to 64 years: In labor force: In Armed Forces
C23002I_019,Employment / Labor Force / Race,Female,Hispanic or Latino,All,All,All,False,Total: Female: 16 to 64 years: In labor force: Civilian
C23002I_020,Employment / Labor Force / Race,Female,Hispanic or Latino,All,All,All,False,Total: Female: 16 to 64 years: In labor force: Civilian: Employed
C23002I_021,Employment / Labor Force / Race,Female,Hispanic or Latino,All,All,All,False,Total: Female: 16 to 64 years: In labor force: Civilian: Unemployed
C23002I_022,Employment / Labor Force / Race,Female,Hispanic or Latino,All,All,All,False,Total: Female: 16 to 64 years: Not in labor force
S2411_C01_001,Earnings,Total,All,All,All,All,False,Median earnings (dollars): Civilian employed population 16 years and over with earnings
S2411_C01_002,Earnings,Total,All,All,All,All,False,"Median earnings (dollars): Civilian employed population 16 years and over with earnings: Management, business, science, and arts occupations"
S2411_C01_003,Earnings,Total,All,All,All,All,False,"Median earnings (dollars): Civilian employed population 16 years and over with earnings: Management, business, science, and arts occupations: Management, business, and financial occupations"
S2411_C01_004,Earnings,Total,All,All,All,All,False,"Median earnings (dollars): Civilian employed population 16 years and over with earnings: Management, business, science, and arts occupations: Management, business, and financial occupations: Management occupations"
S2411_C01_005,Earnings,Total,All,All,All,All,False,"Median earnings (dollars): Civilian employed population 16 years and over with earnings: Management, business, science, and arts occupations: Management, business, and financial occupations: Business and financial operations occupations"
S2411_C01_006,Earnings,Total,All,All,All,All,False,"Median earnings (dollars): Civilian employed population 16 years and over with earnings: Management, business, science, and arts occupations: Computer, engineering, and science occupations"
S2411_C01_007,Earnings,Total,All,All,All,All,False,"Median earnings (dollars): Civilian employed population 16 years and over with earnings: Management, business, science, and arts occupations: Computer, engineering, and science occupations: Computer and mathematical occupations"
S2411_C01_008,Earnings,Total,All,All,All,All,False,"Median earnings (dollars): Civilian employed population 16 years and over with earnings: Management, business, science, and arts occupations: Computer, engineering, and science occupations: Architecture and engineering occupations"
S2411_C01_009,Earnings,Total,All,All,All,All,False,"Median earnings (dollars): Civilian employed population 16 years and over with earnings: Management, business, science, and arts occupations: Computer, engineering, and science occupations: Life, physical, and social science occupations"
S2411_C01_010,Earnings,Total,All,All,All,All,False,"Median earnings (dollars): Civilian employed population 16 years and over with earnings: Management, business, science, and arts occupations: Education, legal, community service, arts, and media occupations"
S2411_C01_011,Earnings,Total,All,All,All,All,False,"Median earnings (dollars): Civilian employed population 16 years and over with earnings: Management, business, science, and arts occupations: Education, legal, community service, arts, and media occupations: Community and social service occupations"
S2411_C01_012,Earnings,Total,All,All,All,All,False,"Median earnings (dollars): Civilian employed population 16 years and over with earnings: Management, business, science, and arts occupations: Education, legal, community service, arts, and media occupations: Legal occupations"
S2411_C01_013,Earnings,Total,All,All,All,All,False,"Median earnings (dollars): Civilian employed population 16 years and over with earnings: Management, business, science, and arts occupations: Education, legal, community service, arts, and media occupations: Educational instruction, and library occupations"
S2411_C01_014,Earnings,Total,All,All,All,All,False,"Median earnings (dollars): Civilian employed population 16 years and over with earnings: Management, business, science, and arts occupations: Education, legal, community service, arts, and media occupations: Arts, design, entertainment, sports, and media occupations"
S2411_C01_015,Earnings,Total,All,All,All,All,False,"Median earnings (dollars): Civilian employed population 16 years and over with earnings: Management, business, science, and arts occupations: Healthcare practitioners and technical occupations"
S2411_C01_016,Earnings,Total,All,All,All,All,False,"Median earnings (dollars): Civilian employed population 16 years and over with earnings: Management, business, science, and arts occupations: Healthcare practitioners and technical occupations: Health diagnosing and treating practitioners and other technical occupations"
S2411_C01_017,Earnings,Total,All,All,All,All,False,"Median earnings (dollars): Civilian employed population 16 years and over with earnings: Management, business, science, and arts occupations: Healthcare practitioners and technical occupations: Health technologists and technicians"
S2411_C01_018,Earnings,Total,All,All,All,All,False,Median earnings (dollars): Civilian employed population 16 years and over with earnings: Service occupations
S2411_C01_019,Earnings,Total,All,All,All,All,False,Median earnings (dollars): Civilian employed population 16 years and over with earnings: Service occupations: Healthcare support occupations
S2411_C01_020,Earnings,Total,All,All,All,All,False,Median earnings (dollars): Civilian employed population 16 years and over with earnings: Service occupations: Protective service occupations
S2411_C01_021,Earnings,Total,All,All,All,All,False,"Median earnings (dollars): Civilian employed population 16 years and over with earnings: Service occupations: Protective service occupations: Firefighting and prevention, and other protective service workers including supervisors"
S2411_C01_022,Earnings,Total,All,All,All,All,False,Median earnings (dollars): Civilian employed population 16 years and over with earnings: Service occupations: Protective service occupations: Law enforcement workers including supervisors
S2411_C01_023,Earnings,Total,All,All,All,All,False,Median earnings (dollars): Civilian employed population 16 years and over with earnings: Service occupations: Food preparation and serving related occupations
S2411_C01_024,Earnings,Total,All,All,All,All,False,Median earnings (dollars): Civilian employed population 16 years and over with earnings: Service occupations: Building and grounds cleaning and maintenance occupations
S2411_C01_025,Earnings,Total,All,All,All,All,False,Median earnings (dollars): Civilian employed population 16 years and over with earnings: Service occupations: Personal care and service occupations
S2411_C01_026,Earnings,Total,All,All,All,All,False,Median earnings (dollars): Civilian employed population 16 years and over with earnings: Sales and office occupations
S2411_C01_027,Earnings,Total,All,All,All,All,False,Median earnings (dollars): Civilian employed population 16 years and over with earnings: Sales and office occupations: Sales and related occupations
S2411_C01_028,Earnings,Total,All,All,All,All,False,Median earnings (dollars): Civilian employed population 16 years and over with earnings: Sales and office occupations: Office and administrative support occupations
S2411_C01_029,Earnings,Total,All,All,All,All,False,"Median earnings (dollars): Civilian employed population 16 years and over with earnings: Natural resources, construction, and maintenance occupations"
S2411_C01_030,Earnings,Total,All,All,All,All,False,"Median earnings (dollars): Civilian employed population 16 years and over with earnings: Natural resources, construction, and maintenance occupations: Farming, fishing, and forestry occupations"
S2411_C01_031,Earnings,Total,All,All,All,All,False,"Median earnings (dollars): Civilian employed population 16 years and over with earnings: Natural resources, construction, and maintenance occupations: Construction and extraction occupations"
S2411_C01_032,Earnings,Total,All,All,All,All,False,"Median earnings (dollars): Civilian employed population 16 years and over with earnings: Natural resources, construction, and maintenance occupations: Installation, maintenance, and repair occupations"
S2411_C01_033,Earnings,Total,All,All,All,All,False,"Median earnings (dollars): Civilian employed population 16 years and over with earnings: Production, transportation, and material moving occupations"
S2411_C01_034,Earnings,Total,All,All,All,All,False,"Median earnings (dollars): Civilian employed population 16 years and over with earnings: Production, transportation, and material moving occupations: Production occupations"
S2411_C01_035,Earnings,Total,All,All,All,All,False,"Median earnings (dollars): Civilian employed population 16 years and over with earnings: Production, transportation, and material moving occupations: Transportation occupations"
S2411_C01_036,Earnings,Total,All,All,All,All,False,"Median earnings (dollars): Civilian employed population 16 years and over with earnings: Production, transportation, and material moving occupations: Material moving occupations"
S2411_C02_001,Earnings,Male,All,All,All,All,False,Median earnings (dollars) for male: Civilian employed population 16 years and over with earnings
S2411_C02_002,Earnings,Male,All,All,All,All,False,"Median earnings (dollars) for male: Civilian employed population 16 years and over with earnings: Management, business, science, and arts occupations"
S2411_C02_003,Earnings,Male,All,All,All,All,False,"Median earnings (dollars) for male: Civilian employed population 16 years and over with earnings: Management, business, science, and arts occupations: Management, business, and financial occupations"
S2411_C02_004,Earnings,Male,All,All,All,All,False,"Median earnings (dollars) for male: Civilian employed population 16 years and over with earnings: Management, business, science, and arts occupations: Management, business, and financial occupations: Management occupations"
S2411_C02_005,Earnings,Male,All,All,All,All,False,"Median earnings (dollars) for male: Civilian employed population 16 years and over with earnings: Management, business, science, and arts occupations: Management, business, and financial occupations: Business and financial operations occupations"
S2411_C02_006,Earnings,Male,All,All,All,All,False,"Median earnings (dollars) for male: Civilian employed population 16 years and over with earnings: Management, business, science, and arts occupations: Computer, engineering, and science occupations"
S2411_C02_007,Earnings,Male,All,All,All,All,False,"Median earnings (dollars) for male: Civilian employed population 16 years and over with earnings: Management, business, science, and arts occupations: Computer, engineering, and science occupations: Computer and mathematical occupations"
S2411_C02_008,Earnings,Male,All,All,All,All,False,"Median earnings (dollars) for male: Civilian employed population 16 years and over with earnings: Management, business, science, and arts occupations: Computer, engineering, and science occupations: Architecture and engineering occupations"
S2411_C02_009,Earnings,Male,All,All,All,All,False,"Median earnings (dollars) for male: Civilian employed population 16 years and over with earnings: Management, business, science, and arts occupations: Computer, engineering, and science occupations: Life, physical, and social science occupations"
S2411_C02_010,Earnings,Male,All,All,All,All,False,"Median earnings (dollars) for male: Civilian employed population 16 years and over with earnings: Management, business, science, and arts occupations: Education, legal, community service, arts, and media occupations"
S2411_C02_011,Earnings,Male,All,All,All,All,False,"Median earnings (dollars) for male: Civilian employed population 16 years and over with earnings: Management, business, science, and arts occupations: Education, legal, community service, arts, and media occupations: Community and social service occupations"
S2411_C02_012,Earnings,Male,All,All,All,All,False,"Median earnings (dollars) for male: Civilian employed population 16 years and over with earnings: Management, business, science, and arts occupations: Education, legal, community service, arts, and media occupations: Legal occupations"
S2411_C02_013,Earnings,Male,All,All,All,All,False,"Median earnings (dollars) for male: Civilian employed population 16 years and over with earnings: Management, business, science, and arts occupations: Education, legal, community service, arts, and media occupations: Educational instruction, and library occupations"
S2411_C02_014,Earnings,Male,All,All,All,All,False,"Median earnings (dollars) for male: Civilian employed population 16 years and over with earnings: Management, business, science, and arts occupations: Education, legal, community service, arts, and media occupations: Arts, design, entertainment, sports, and media occupations"
S2411_C02_015,Earnings,Male,All,All,All,All,False,"Median earnings (dollars) for male: Civilian employed population 16 years and over with earnings: Management, business, science, and arts occupations: Healthcare practitioners and technical occupations"
S2411_C02_016,Earnings,Male,All,All,All,All,False,"Median earnings (dollars) for male: Civilian employed population 16 years and over with earnings: Management, business, science, and arts occupations: Healthcare practitioners and technical occupations: Health diagnosing and treating practitioners and other technical occupations"
S2411_C02_017,Earnings,Male,All,All,All,All,False,"Median earnings (dollars) for male: Civilian employed population 16 years and over with earnings: Management, business, science, and arts occupations: Healthcare practitioners and technical occupations: Health technologists and technicians"
S2411_C02_018,Earnings,Male,All,All,All,All,False,Median earnings (dollars) for male: Civilian employed population 16 years and over with earnings: Service occupations
S2411_C02_019,Earnings,Male,All,All,All,All,False,Median earnings (dollars) for male: Civilian employed population 16 years and over with earnings: Service occupations: Healthcare support occupations
S2411_C02_020,Earnings,Male,All,All,All,All,False,Median earnings (dollars) for male: Civilian employed population 16 years and over with earnings: Service occupations: Protective service occupations
S2411_C02_021,Earnings,Male,All,All,All,All,False,"Median earnings (dollars) for male: Civilian employed population 16 years and over with earnings: Service occupations: Protective service occupations: Firefighting and prevention, and other protective service workers including supervisors"
S2411_C02_022,Earnings,Male,All,All,All,All,False,Median earnings (dollars) for male: Civilian employed population 16 years and over with earnings: Service occupations: Protective service occupations: Law enforcement workers including supervisors
S2411_C02_023,Earnings,Male,All,All,All,All,False,Median earnings (dollars) for male: Civilian employed population 16 years and over with earnings: Service occupations: Food preparation and serving related occupations
S2411_C02_024,Earnings,Male,All,All,All,All,False,Median earnings (dollars) for male: Civilian employed population 16 years and over with earnings: Service occupations: Building and grounds cleaning and maintenance occupations
S2411_C02_025,Earnings,Male,All,All,All,All,False,Median earnings (dollars) for male: Civilian employed population 16 years and over with earnings: Service occupations: Personal care and service occupations
S2411_C02_026,Earnings,Male,All,All,All,All,False,Median earnings (dollars) for male: Civilian employed population 16 years and over with earnings: Sales and office occupations
S2411_C02_027,Earnings,Male,All,All,All,All,False,Median earnings (dollars) for male: Civilian employed population 16 years and over with earnings: Sales and office occupations: Sales and related occupations
S2411_C02_028,Earnings,Male,All,All,All,All,False,Median earnings (dollars) for male: Civilian employed population 16 years and over with earnings: Sales and office occupations: Office and administrative support occupations
S2411_C02_029,Earnings,Male,All,All,All,All,False,"Median earnings (dollars) for male: Civilian employed population 16 years and over with earnings: Natural resources, construction, and maintenance occupations"
S2411_C02_030,Earnings,Male,All,All,All,All,False,"Median earnings (dollars) for male: Civilian employed population 16 years and over with earnings: Natural resources, construction, and maintenance occupations: Farming, fishing, and forestry occupations"
S2411_C02_031,Earnings,Male,All,All,All,All,False,"Median earnings (dollars) for male: Civilian employed population 16 years and over with earnings: Natural resources, construction, and maintenance occupations: Construction and extraction occupations"
S2411_C02_032,Earnings,Male,All,All,All,All,False,"Median earnings (dollars) for male: Civilian employed population 16 years and over with earnings: Natural resources, construction, and maintenance occupations: Installation, maintenance, and repair occupations"
S2411_C02_033,Earnings,Male,All,All,All,All,False,"Median earnings (dollars) for male: Civilian employed population 16 years and over with earnings: Production, transportation, and material moving occupations"
S2411_C02_034,Earnings,Male,All,All,All,All,False,"Median earnings (dollars) for male: Civilian employed population 16 years and over with earnings: Production, transportation, and material moving occupations: Production occupations"
S2411_C02_035,Earnings,Male,All,All,All,All,False,"Median earnings (dollars) for male: Civilian employed population 16 years and over with earnings: Production, transportation, and material moving occupations: Transportation occupations"
S2411_C02_036,Earnings,Male,All,All,All,All,False,"Median earnings (dollars) for male: Civilian employed population 16 years and over with earnings: Production, transportation, and material moving occupations: Material moving occupations"
S2411_C03_001,Earnings,Female,All,All,All,All,False,Median earnings (dollars) for female: Civilian employed population 16 years and over with earnings
S2411_C03_002,Earnings,Female,All,All,All,All,False,"Median earnings (dollars) for female: Civilian employed population 16 years and over with earnings: Management, business, science, and arts occupations"
S2411_C03_003,Earnings,Female,All,All,All,All,False,"Median earnings (dollars) for female: Civilian employed population 16 years and over with earnings: Management, business, science, and arts occupations: Management, business, and financial occupations"
S2411_C03_004,Earnings,Female,All,All,All,All,False,"Median earnings (dollars) for female: Civilian employed population 16 years and over with earnings: Management, business, science, and arts occupations: Management, business, and financial occupations: Management occupations"
S2411_C03_005,Earnings,Female,All,All,All,All,False,"Median earnings (dollars) for female: Civilian employed population 16 years and over with earnings: Management, business, science, and arts occupations: Management, business, and financial occupations: Business and financial operations occupations"
S2411_C03_006,Earnings,Female,All,All,All,All,False,"Median earnings (dollars) for female: Civilian employed population 16 years and over with earnings: Management, business, science, and arts occupations: Computer, engineering, and science occupations"
S2411_C03_007,Earnings,Female,All,All,All,All,False,"Median earnings (dollars) for female: Civilian employed population 16 years and over with earnings: Management, business, science, and arts occupations: Computer, engineering, and science occupations: Computer and mathematical occupations"
S2411_C03_008,Earnings,Female,All,All,All,All,False,"Median earnings (dollars) for female: Civilian employed population 16 years and over with earnings: Management, business, science, and arts occupations: Computer, engineering, and science occupations: Architecture and engineering occupations"
S2411_C03_009,Earnings,Female,All,All,All,All,False,"Median earnings (dollars) for female: Civilian employed population 16 years and over with earnings: Management, business, science, and arts occupations: Computer, engineering, and science occupations: Life, physical, and social science occupations"
S2411_C03_010,Earnings,Female,All,All,All,All,False,"Median earnings (dollars) for female: Civilian employed population 16 years and over with earnings: Management, business, science, and arts occupations: Education, legal, community service, arts, and media occupations"
S2411_C03_011,Earnings,Female,All,All,All,All,False,"Median earnings (dollars) for female: Civilian employed population 16 years and over with earnings: Management, business, science, and arts occupations: Education, legal, community service, arts, and media occupations: Community and social service occupations"
S2411_C03_012,Earnings,Female,All,All,All,All,False,"Median earnings (dollars) for female: Civilian employed population 16 years and over with earnings: Management, business, science, and arts occupations: Education, legal, community service, arts, and media occupations: Legal occupations"
S2411_C03_013,Earnings,Female,All,All,All,All,False,"Median earnings (dollars) for female: Civilian employed population 16 years and over with earnings: Management, business, science, and arts occupations: Education, legal, community service, arts, and media occupations: Educational instruction, and library occupations"
S2411_C03_014,Earnings,Female,All,All,All,All,False,"Median earnings (dollars) for female: Civilian employed population 16 years and over with earnings: Management, business, science, and arts occupations: Education, legal, community service, arts, and media occupations: Arts, design, entertainment, sports, and media occupations"
S2411_C03_015,Earnings,Female,All,All,All,All,False,"Median earnings (dollars) for female: Civilian employed population 16 years and over with earnings: Management, business, science, and arts occupations: Healthcare practitioners and technical occupations"
S2411_C03_016,Earnings,Female,All,All,All,All,False,"Median earnings (dollars) for female: Civilian employed population 16 years and over with earnings: Management, business, science, and arts occupations: Healthcare practitioners and technical occupations: Health diagnosing and treating practitioners and other technical occupations"
S2411_C03_017,Earnings,Female,All,All,All,All,False,"Median earnings (dollars) for female: Civilian employed population 16 years and over with earnings: Management, business, science, and arts occupations: Healthcare practitioners and technical occupations: Health technologists and technicians"
S2411_C03_018,Earnings,Female,All,All,All,All,False,Median earnings (dollars) for female: Civilian employed population 16 years and over with earnings: Service occupations
S2411_C03_019,Earnings,Female,All,All,All,All,False,Median earnings (dollars) for female: Civilian employed population 16 years and over with earnings: Service occupations: Healthcare support occupations
S2411_C03_020,Earnings,Female,All,All,All,All,False,Median earnings (dollars) for female: Civilian employed population 16 years and over with earnings: Service occupations: Protective service occupations
S2411_C03_021,Earnings,Female,All,All,All,All,False,"Median earnings (dollars) for female: Civilian employed population 16 years and over with earnings: Service occupations: Protective service occupations: Firefighting and prevention, and other protective service workers including supervisors"
S2411_C03_022,Earnings,Female,All,All,All,All,False,Median earnings (dollars) for female: Civilian employed population 16 years and over with earnings: Service occupations: Protective service occupations: Law enforcement workers including supervisors
S2411_C03_023,Earnings,Female,All,All,All,All,False,Median earnings (dollars) for female: Civilian employed population 16 years and over with earnings: Service occupations: Food preparation and serving related occupations
S2411_C03_024,Earnings,Female,All,All,All,All,False,Median earnings (dollars) for female: Civilian employed population 16 years and over with earnings: Service occupations: Building and grounds cleaning and maintenance occupations
S2411_C03_025,Earnings,Female,All,All,All,All,False,Median earnings (dollars) for female: Civilian employed population 16 years and over with earnings: Service occupations: Personal care and service occupations
S2411_C03_026,Earnings,Female,All,All,All,All,False,Median earnings (dollars) for female: Civilian employed population 16 years and over with earnings: Sales and office occupations
S2411_C03_027,Earnings,Female,All,All,All,All,False,Median earnings (dollars) for female: Civilian employed population 16 years and over with earnings: Sales and office occupations: Sales and related occupations
S2411_C03_028,Earnings,Female,All,All,All,All,False,Median earnings (dollars) for female: Civilian employed population 16 years and over with earnings: Sales and office occupations: Office and administrative support occupations
S2411_C03_029,Earnings,Female,All,All,All,All,False,"Median earnings (dollars) for female: Civilian employed population 16 years and over with earnings: Natural resources, construction, and maintenance occupations"
S2411_C03_030,Earnings,Female,All,All,All,All,False,"Median earnings (dollars) for female: Civilian employed population 16 years and over with earnings: Natural resources, construction, and maintenance occupations: Farming, fishing, and forestry occupations"
S2411_C03_031,Earnings,Female,All,All,All,All,False,"Median earnings (dollars) for female: Civilian employed population 16 years and over with earnings: Natural resources, construction, and maintenance occupations: Construction and extraction occupations"
S2411_C03_032,Earnings,Female,All,All,All,All,False,"Median earnings (dollars) for female: Civilian employed population 16 years and over with earnings: Natural resources, construction, and maintenance occupations: Installation, maintenance, and repair occupations"
S2411_C03_033,Earnings,Female,All,All,All,All,False,"Median earnings (dollars) for female: Civilian employed population 16 years and over with earnings: Production, transportation, and material moving occupations"
S2411_C03_034,Earnings,Female,All,All,All,All,False,"Median earnings (dollars) for female: Civilian employed population 16 years and over with earnings: Production, transportation, and material moving occupations: Production occupations"
S2411_C03_035,Earnings,Female,All,All,All,All,False,"Median earnings (dollars) for female: Civilian employed population 16 years and over with earnings: Production, transportation, and material moving occupations: Transportation occupations"
S2411_C03_036,Earnings,Female,All,All,All,All,False,"Median earnings (dollars) for female: Civilian employed population 16 years and over with earnings: Production, transportation, and material moving occupations: Material moving occupations"
S2411_C04_001,Earnings,Total,All,All,All,All,False,Women's earnings as a percentage of men's earning: Civilian employed population 16 years and over with earnings
S2411_C04_002,Earnings,Total,All,All,All,All,False,"Women's earnings as a percentage of men's earning: Civilian employed population 16 years and over with earnings: Management, business, science, and arts occupations"
S2411_C04_003,Earnings,Total,All,All,All,All,False,"Women's earnings as a percentage of men's earning: Civilian employed population 16 years and over with earnings: Management, business, science, and arts occupations: Management, business, and financial occupations"
S2411_C04_004,Earnings,Total,All,All,All,All,False,"Women's earnings as a percentage of men's earning: Civilian employed population 16 years and over with earnings: Management, business, science, and arts occupations: Management, business, and financial occupations: Management occupations"
S2411_C04_005,Earnings,Total,All,All,All,All,False,"Women's earnings as a percentage of men's earning: Civilian employed population 16 years and over with earnings: Management, business, science, and arts occupations: Management, business, and financial occupations: Business and financial operations occupations"
S2411_C04_006,Earnings,Total,All,All,All,All,False,"Women's earnings as a percentage of men's earning: Civilian employed population 16 years and over with earnings: Management, business, science, and arts occupations: Computer, engineering, and science occupations"
S2411_C04_007,Earnings,Total,All,All,All,All,False,"Women's earnings as a percentage of men's earning: Civilian employed population 16 years and over with earnings: Management, business, science, and arts occupations: Computer, engineering, and science occupations: Computer and mathematical occupations"
S2411_C04_008,Earnings,Total,All,All,All,All,False,"Women's earnings as a percentage of men's earning: Civilian employed population 16 years and over with earnings: Management, business, science, and arts occupations: Computer, engineering, and science occupations: Architecture and engineering occupations"
S2411_C04_009,Earnings,Total,All,All,All,All,False,"Women's earnings as a percentage of men's earning: Civilian employed population 16 years and over with earnings: Management, business, science, and arts occupations: Computer, engineering, and science occupations: Life, physical, and social science occupations"
S2411_C04_010,Earnings,Total,All,All,All,All,False,"Women's earnings as a percentage of men's earning: Civilian employed population 16 years and over with earnings: Management, business, science, and arts occupations: Education, legal, community service, arts, and media occupations"
S2411_C04_011,Earnings,Total,All,All,All,All,False,"Women's earnings as a percentage of men's earning: Civilian employed population 16 years and over with earnings: Management, business, science, and arts occupations: Education, legal, community service, arts, and media occupations: Community and social service occupations"
S2411_C04_012,Earnings,Total,All,All,All,All,False,"Women's earnings as a percentage of men's earning: Civilian employed population 16 years and over with earnings: Management, business, science, and arts occupations: Education, legal, community service, arts, and media occupations: Legal occupations"
S2411_C04_013,Earnings,Total,All,All,All,All,False,"Women's earnings as a percentage of men's earning: Civilian employed population 16 years and over with earnings: Management, business, science, and arts occupations: Education, legal, community service, arts, and media occupations: Educational instruction, and library occupations"
S2411_C04_014,Earnings,Total,All,All,All,All,False,"Women's earnings as a percentage of men's earning: Civilian employed population 16 years and over with earnings: Management, business, science, and arts occupations: Education, legal, community service, arts, and media occupations: Arts, design, entertainment, sports, and media occupations"
S2411_C04_015,Earnings,Total,All,All,All,All,False,"Women's earnings as a percentage of men's earning: Civilian employed population 16 years and over with earnings: Management, business, science, and arts occupations: Healthcare practitioners and technical occupations"
S2411_C04_016,Earnings,Total,All,All,All,All,False,"Women's earnings as a percentage of men's earning: Civilian employed population 16 years and over with earnings: Management, business, science, and arts occupations: Healthcare practitioners and technical occupations: Health diagnosing and treating practitioners and other technical occupations"
S2411_C04_017,Earnings,Total,All,All,All,All,False,"Women's earnings as a percentage of men's earning: Civilian employed population 16 years and over with earnings: Management, business, science, and arts occupations: Healthcare practitioners and technical occupations: Health technologists and technicians"
S2411_C04_018,Earnings,Total,All,All,All,All,False,Women's earnings as a percentage of men's earning: Civilian employed population 16 years and over with earnings: Service occupations
S2411_C04_019,Earnings,Total,All,All,All,All,False,Women's earnings as a percentage of men's earning: Civilian employed population 16 years and over with earnings: Service occupations: Healthcare support occupations
S2411_C04_020,Earnings,Total,All,All,All,All,False,Women's earnings as a percentage of men's earning: Civilian employed population 16 years and over with earnings: Service occupations: Protective service occupations
S2411_C04_021,Earnings,Total,All,All,All,All,False,"Women's earnings as a percentage of men's earning: Civilian employed population 16 years and over with earnings: Service occupations: Protective service occupations: Firefighting and prevention, and other protective service workers including supervisors"
S2411_C04_022,Earnings,Total,All,All,All,All,False,Women's earnings as a percentage of men's earning: Civilian employed population 16 years and over with earnings: Service occupations: Protective service occupations: Law enforcement workers including supervisors
S2411_C04_023,Earnings,Total,All,All,All,All,False,Women's earnings as a percentage of men's earning: Civilian employed population 16 years and over with earnings: Service occupations: Food preparation and serving related occupations
S2411_C04_024,Earnings,Total,All,All,All,All,False,Women's earnings as a percentage of men's earning: Civilian employed population 16 years and over with earnings: Service occupations: Building and grounds cleaning and maintenance occupations
S2411_C04_025,Earnings,Total,All,All,All,All,False,Women's earnings as a percentage of men's earning: Civilian employed population 16 years and over with earnings: Service occupations: Personal care and service occupations
S2411_C04_026,Earnings,Total,All,All,All,All,False,Women's earnings as a percentage of men's earning: Civilian employed population 16 years and over with earnings: Sales and office occupations
S2411_C04_027,Earnings,Total,All,All,All,All,False,Women's earnings as a percentage of men's earning: Civilian employed population 16 years and over with earnings: Sales and office occupations: Sales and related occupations
S2411_C04_028,Earnings,Total,All,All,All,All,False,Women's earnings as a percentage of men's earning: Civilian employed population 16 years and over with earnings: Sales and office occupations: Office and administrative support occupations
S2411_C04_029,Earnings,Total,All,All,All,All,False,"Women's earnings as a percentage of men's earning: Civilian employed population 16 years and over with earnings: Natural resources, construction, and maintenance occupations"
S2411_C04_030,Earnings,Total,All,All,All,All,False,"Women's earnings as a percentage of men's earning: Civilian employed population 16 years and over with earnings: Natural resources, construction, and maintenance occupations: Farming, fishing, and forestry occupations"
S2411_C04_031,Earnings,Total,All,All,All,All,False,"Women's earnings as a percentage of men's earning: Civilian employed population 16 years and over with earnings: Natural resources, construction, and maintenance occupations: Construction and extraction occupations"
S2411_C04_032,Earnings,Total,All,All,All,All,False,"Women's earnings as a percentage of men's earning: Civilian employed population 16 years and over with earnings: Natural resources, construction, and maintenance occupations: Installation, maintenance, and repair occupations"
S2411_C04_033,Earnings,Total,All,All,All,All,False,"Women's earnings as a percentage of men's earning: Civilian employed population 16 years and over with earnings: Production, transportation, and material moving occupations"
S2411_C04_034,Earnings,Total,All,All,All,All,False,"Women's earnings as a percentage of men's earning: Civilian employed population 16 years and over with earnings: Production, transportation, and material moving occupations: Production occupations"
S2411_C04_035,Earnings,Total,All,All,All,All,False,"Women's earnings as a percentage of men's earning: Civilian employed population 16 years and over with earnings: Production, transportation, and material moving occupations: Transportation occupations"
S2411_C04_036,Earnings,Total,All,All,All,All,False,"Women's earnings as a percentage of men's earning: Civilian employed population 16 years and over with earnings: Production, transportation, and material moving occupations: Material moving occupations"
S2412_C01_001,Earnings,Total,All,All,All,All,False,"Median earnings (dollars): Full-time, year-round civilian employed population 16 years and over with earnings"
S2412_C01_002,Earnings,Total,All,All,All,All,False,"Median earnings (dollars): Full-time, year-round civilian employed population 16 years and over with earnings: Management, business, science, and arts occupations"
S2412_C01_003,Earnings,Total,All,All,All,All,False,"Median earnings (dollars): Full-time, year-round civilian employed population 16 years and over with earnings: Management, business, science, and arts occupations: Management, business, and financial occupations"
S2412_C01_004,Earnings,Total,All,All,All,All,False,"Median earnings (dollars): Full-time, year-round civilian employed population 16 years and over with earnings: Management, business, science, and arts occupations: Management, business, and financial occupations: Management occupations"
S2412_C01_005,Earnings,Total,All,All,All,All,False,"Median earnings (dollars): Full-time, year-round civilian employed population 16 years and over with earnings: Management, business, science, and arts occupations: Management, business, and financial occupations: Business and financial operations occupations"
S2412_C01_006,Earnings,Total,All,All,All,All,False,"Median earnings (dollars): Full-time, year-round civilian employed population 16 years and over with earnings: Management, business, science, and arts occupations: Computer, engineering, and science occupations"
S2412_C01_007,Earnings,Total,All,All,All,All,False,"Median earnings (dollars): Full-time, year-round civilian employed population 16 years and over with earnings: Management, business, science, and arts occupations: Computer, engineering, and science occupations: Computer and mathematical occupations"
S2412_C01_008,Earnings,Total,All,All,All,All,False,"Median earnings (dollars): Full-time, year-round civilian employed population 16 years and over with earnings: Management, business, science, and arts occupations: Computer, engineering, and science occupations: Architecture and engineering occupations"
S2412_C01_009,Earnings,Total,All,All,All,All,False,"Median earnings (dollars): Full-time, year-round civilian employed population 16 years and over with earnings: Management, business, science, and arts occupations: Computer, engineering, and science occupations: Life, physical, and social science occupations"
S2412_C01_010,Earnings,Total,All,All,All,All,False,"Median earnings (dollars): Full-time, year-round civilian employed population 16 years and over with earnings: Management, business, science, and arts occupations: Education, legal, community service, arts, and media occupations"
S2412_C01_011,Earnings,Total,All,All,All,All,False,"Median earnings (dollars): Full-time, year-round civilian employed population 16 years and over with earnings: Management, business, science, and arts occupations: Education, legal, community service, arts, and media occupations: Community and social service occupations"
S2412_C01_012,Earnings,Total,All,All,All,All,False,"Median earnings (dollars): Full-time, year-round civilian employed population 16 years and over with earnings: Management, business, science, and arts occupations: Education, legal, community service, arts, and media occupations: Legal occupations"
S2412_C01_013,Earnings,Total,All,All,All,All,False,"Median earnings (dollars): Full-time, year-round civilian employed population 16 years and over with earnings: Management, business, science, and arts occupations: Education, legal, community service, arts, and media occupations: Educational instruction, and library occupations"
S2412_C01_014,Earnings,Total,All,All,All,All,False,"Median earnings (dollars): Full-time, year-round civilian employed population 16 years and over with earnings: Management, business, science, and arts occupations: Education, legal, community service, arts, and media occupations: Arts, design, entertainment, sports, and media occupations"
S2412_C01_015,Earnings,Total,All,All,All,All,False,"Median earnings (dollars): Full-time, year-round civilian employed population 16 years and over with earnings: Management, business, science, and arts occupations: Healthcare practitioners and technical occupations"
S2412_C01_016,Earnings,Total,All,All,All,All,False,"Median earnings (dollars): Full-time, year-round civilian employed population 16 years and over with earnings: Management, business, science, and arts occupations: Healthcare practitioners and technical occupations: Health diagnosing and treating practitioners and other technical occupations"
S2412_C01_017,Earnings,Total,All,All,All,All,False,"Median earnings (dollars): Full-time, year-round civilian employed population 16 years and over with earnings: Management, business, science, and arts occupations: Healthcare practitioners and technical occupations: Health technologists and technicians"
S2412_C01_018,Earnings,Total,All,All,All,All,False,"Median earnings (dollars): Full-time, year-round civilian employed population 16 years and over with earnings: Service occupations"
S2412_C01_019,Earnings,Total,All,All,All,All,False,"Median earnings (dollars): Full-time, year-round civilian employed population 16 years and over with earnings: Service occupations: Healthcare support occupations"
S2412_C01_020,Earnings,Total,All,All,All,All,False,"Median earnings (dollars): Full-time, year-round civilian employed population 16 years and over with earnings: Service occupations: Protective service occupations"
S2412_C01_021,Earnings,Total,All,All,All,All,False,"Median earnings (dollars): Full-time, year-round civilian employed population 16 years and over with earnings: Service occupations: Protective service occupations: Firefighting and prevention, and other protective service workers including supervisors"
S2412_C01_022,Earnings,Total,All,All,All,All,False,"Median earnings (dollars): Full-time, year-round civilian employed population 16 years and over with earnings: Service occupations: Protective service occupations: Law enforcement workers including supervisors"
S2412_C01_023,Earnings,Total,All,All,All,All,False,"Median earnings (dollars): Full-time, year-round civilian employed population 16 years and over with earnings: Service occupations: Food preparation and serving related occupations"
S2412_C01_024,Earnings,Total,All,All,All,All,False,"Median earnings (dollars): Full-time, year-round civilian employed population 16 years and over with earnings: Service occupations: Building and grounds cleaning and maintenance occupations"
S2412_C01_025,Earnings,Total,All,All,All,All,False,"Median earnings (dollars): Full-time, year-round civilian employed population 16 years and over with earnings: Service occupations: Personal care and service occupations"
S2412_C01_026,Earnings,Total,All,All,All,All,False,"Median earnings (dollars): Full-time, year-round civilian employed population 16 years and over with earnings: Sales and office occupations"
S2412_C01_027,Earnings,Total,All,All,All,All,False,"Median earnings (dollars): Full-time, year-round civilian employed population 16 years and over with earnings: Sales and office occupations: Sales and related occupations"
S2412_C01_028,Earnings,Total,All,All,All,All,False,"Median earnings (dollars): Full-time, year-round civilian employed population 16 years and over with earnings: Sales and office occupations: Office and administrative support occupations"
S2412_C01_029,Earnings,Total,All,All,All,All,False,"Median earnings (dollars): Full-time, year-round civilian employed population 16 years and over with earnings: Natural resources, construction, and maintenance occupations"
S2412_C01_030,Earnings,Total,All,All,All,All,False,"Median earnings (dollars): Full-time, year-round civilian employed population 16 years and over with earnings: Natural resources, construction, and maintenance occupations: Farming, fishing, and forestry occupations"
S2412_C01_031,Earnings,Total,All,All,All,All,False,"Median earnings (dollars): Full-time, year-round civilian employed population 16 years and over with earnings: Natural resources, construction, and maintenance occupations: Construction and extraction occupations"
S2412_C01_032,Earnings,Total,All,All,All,All,False,"Median earnings (dollars): Full-time, year-round civilian employed population 16 years and over with earnings: Natural resources, construction, and maintenance occupations: Installation, maintenance, and repair occupations"
S2412_C01_033,Earnings,Total,All,All,All,All,False,"Median earnings (dollars): Full-time, year-round civilian employed population 16 years and over with earnings: Production, transportation, and material moving occupations"
S2412_C01_034,Earnings,Total,All,All,All,All,False,"Median earnings (dollars): Full-time, year-round civilian employed population 16 years and over with earnings: Production, transportation, and material moving occupations: Production occupations"
S2412_C01_035,Earnings,Total,All,All,All,All,False,"Median earnings (dollars): Full-time, year-round civilian employed population 16 years and over with earnings: Production, transportation, and material moving occupations: Transportation occupations"
S2412_C01_036,Earnings,Total,All,All,All,All,False,"Median earnings (dollars): Full-time, year-round civilian employed population 16 years and over with earnings: Production, transportation, and material moving occupations: Material moving occupations"
S2412_C02_001,Earnings,Male,All,All,All,All,False,"Median earnings (dollars) for male: Full-time, year-round civilian employed population 16 years and over with earnings"
S2412_C02_002,Earnings,Male,All,All,All,All,False,"Median earnings (dollars) for male: Full-time, year-round civilian employed population 16 years and over with earnings: Management, business, science, and arts occupations"
S2412_C02_003,Earnings,Male,All,All,All,All,False,"Median earnings (dollars) for male: Full-time, year-round civilian employed population 16 years and over with earnings: Management, business, science, and arts occupations: Management, business, and financial occupations"
S2412_C02_004,Earnings,Male,All,All,All,All,False,"Median earnings (dollars) for male: Full-time, year-round civilian employed population 16 years and over with earnings: Management, business, science, and arts occupations: Management, business, and financial occupations: Management occupations"
S2412_C02_005,Earnings,Male,All,All,All,All,False,"Median earnings (dollars) for male: Full-time, year-round civilian employed population 16 years and over with earnings: Management, business, science, and arts occupations: Management, business, and financial occupations: Business and financial operations occupations"
S2412_C02_006,Earnings,Male,All,All,All,All,False,"Median earnings (dollars) for male: Full-time, year-round civilian employed population 16 years and over with earnings: Management, business, science, and arts occupations: Computer, engineering, and science occupations"
S2412_C02_007,Earnings,Male,All,All,All,All,False,"Median earnings (dollars) for male: Full-time, year-round civilian employed population 16 years and over with earnings: Management, business, science, and arts occupations: Computer, engineering, and science occupations: Computer and mathematical occupations"
S2412_C02_008,Earnings,Male,All,All,All,All,False,"Median earnings (dollars) for male: Full-time, year-round civilian employed population 16 years and over with earnings: Management, business, science, and arts occupations: Computer, engineering, and science occupations: Architecture and engineering occupations"
S2412_C02_009,Earnings,Male,All,All,All,All,False,"Median earnings (dollars) for male: Full-time, year-round civilian employed population 16 years and over with earnings: Management, business, science, and arts occupations: Computer, engineering, and science occupations: Life, physical, and social science occupations"
S2412_C02_010,Earnings,Male,All,All,All,All,False,"Median earnings (dollars) for male: Full-time, year-round civilian employed population 16 years and over with earnings: Management, business, science, and arts occupations: Education, legal, community service, arts, and media occupations"
S2412_C02_011,Earnings,Male,All,All,All,All,False,"Median earnings (dollars) for male: Full-time, year-round civilian employed population 16 years and over with earnings: Management, business, science, and arts occupations: Education, legal, community service, arts, and media occupations: Community and social service occupations"
S2412_C02_012,Earnings,Male,All,All,All,All,False,"Median earnings (dollars) for male: Full-time, year-round civilian employed population 16 years and over with earnings: Management, business, science, and arts occupations: Education, legal, community service, arts, and media occupations: Legal occupations"
S2412_C02_013,Earnings,Male,All,All,All,All,False,"Median earnings (dollars) for male: Full-time, year-round civilian employed population 16 years and over with earnings: Management, business, science, and arts occupations: Education, legal, community service, arts, and media occupations: Educational instruction, and library occupations"
S2412_C02_014,Earnings,Male,All,All,All,All,False,"Median earnings (dollars) for male: Full-time, year-round civilian employed population 16 years and over with earnings: Management, business, science, and arts occupations: Education, legal, community service, arts, and media occupations: Arts, design, entertainment, sports, and media occupations"
S2412_C02_015,Earnings,Male,All,All,All,All,False,"Median earnings (dollars) for male: Full-time, year-round civilian employed population 16 years and over with earnings: Management, business, science, and arts occupations: Healthcare practitioners and technical occupations"
S2412_C02_016,Earnings,Male,All,All,All,All,False,"Median earnings (dollars) for male: Full-time, year-round civilian employed population 16 years and over with earnings: Management, business, science, and arts occupations: Healthcare practitioners and technical occupations: Health diagnosing and treating practitioners and other technical occupations"
S2412_C02_017,Earnings,Male,All,All,All,All,False,"Median earnings (dollars) for male: Full-time, year-round civilian employed population 16 years and over with earnings: Management, business, science, and arts occupations: Healthcare practitioners and technical occupations: Health technologists and technicians"
S2412_C02_018,Earnings,Male,All,All,All,All,False,"Median earnings (dollars) for male: Full-time, year-round civilian employed population 16 years and over with earnings: Service occupations"
S2412_C02_019,Earnings,Male,All,All,All,All,False,"Median earnings (dollars) for male: Full-time, year-round civilian employed population 16 years and over with earnings: Service occupations: Healthcare support occupations"
S2412_C02_020,Earnings,Male,All,All,All,All,False,"Median earnings (dollars) for male: Full-time, year-round civilian employed population 16 years and over with earnings: Service occupations: Protective service occupations"
S2412_C02_021,Earnings,Male,All,All,All,All,False,"Median earnings (dollars) for male: Full-time, year-round civilian employed population 16 years and over with earnings: Service occupations: Protective service occupations: Firefighting and prevention, and other protective service workers including supervisors"
S2412_C02_022,Earnings,Male,All,All,All,All,False,"Median earnings (dollars) for male: Full-time, year-round civilian employed population 16 years and over with earnings: Service occupations: Protective service occupations: Law enforcement workers including supervisors"
S2412_C02_023,Earnings,Male,All,All,All,All,False,"Median earnings (dollars) for male: Full-time, year-round civilian employed population 16 years and over with earnings: Service occupations: Food preparation and serving related occupations"
S2412_C02_024,Earnings,Male,All,All,All,All,False,"Median earnings (dollars) for male: Full-time, year-round civilian employed population 16 years and over with earnings: Service occupations: Building and grounds cleaning and maintenance occupations"
S2412_C02_025,Earnings,Male,All,All,All,All,False,"Median earnings (dollars) for male: Full-time, year-round civilian employed population 16 years and over with earnings: Service occupations: Personal care and service occupations"
S2412_C02_026,Earnings,Male,All,All,All,All,False,"Median earnings (dollars) for male: Full-time, year-round civilian employed population 16 years and over with earnings: Sales and office occupations"
S2412_C02_027,Earnings,Male,All,All,All,All,False,"Median earnings (dollars) for male: Full-time, year-round civilian employed population 16 years and over with earnings: Sales and office occupations: Sales and related occupations"
S2412_C02_028,Earnings,Male,All,All,All,All,False,"Median earnings (dollars) for male: Full-time, year-round civilian employed population 16 years and over with earnings: Sales and office occupations: Office and administrative support occupations"
S2412_C02_029,Earnings,Male,All,All,All,All,False,"Median earnings (dollars) for male: Full-time, year-round civilian employed population 16 years and over with earnings: Natural resources, construction, and maintenance occupations"
S2412_C02_030,Earnings,Male,All,All,All,All,False,"Median earnings (dollars) for male: Full-time, year-round civilian employed population 16 years and over with earnings: Natural resources, construction, and maintenance occupations: Farming, fishing, and forestry occupations"
S2412_C02_031,Earnings,Male,All,All,All,All,False,"Median earnings (dollars) for male: Full-time, year-round civilian employed population 16 years and over with earnings: Natural resources, construction, and maintenance occupations: Construction and extraction occupations"
S2412_C02_032,Earnings,Male,All,All,All,All,False,"Median earnings (dollars) for male: Full-time, year-round civilian employed population 16 years and over with earnings: Natural resources, construction, and maintenance occupations: Installation, maintenance, and repair occupations"
S2412_C02_033,Earnings,Male,All,All,All,All,False,"Median earnings (dollars) for male: Full-time, year-round civilian employed population 16 years and over with earnings: Production, transportation, and material moving occupations"
S2412_C02_034,Earnings,Male,All,All,All,All,False,"Median earnings (dollars) for male: Full-time, year-round civilian employed population 16 years and over with earnings: Production, transportation, and material moving occupations: Production occupations"
S2412_C02_035,Earnings,Male,All,All,All,All,False,"Median earnings (dollars) for male: Full-time, year-round civilian employed population 16 years and over with earnings: Production, transportation, and material moving occupations: Transportation occupations"
S2412_C02_036,Earnings,Male,All,All,All,All,False,"Median earnings (dollars) for male: Full-time, year-round civilian employed population 16 years and over with earnings: Production, transportation, and material moving occupations: Material moving occupations"
S2412_C03_001,Earnings,Female,All,All,All,All,False,"Median earnings (dollars) for female: Full-time, year-round civilian employed population 16 years and over with earnings"
S2412_C03_002,Earnings,Female,All,All,All,All,False,"Median earnings (dollars) for female: Full-time, year-round civilian employed population 16 years and over with earnings: Management, business, science, and arts occupations"
S2412_C03_003,Earnings,Female,All,All,All,All,False,"Median earnings (dollars) for female: Full-time, year-round civilian employed population 16 years and over with earnings: Management, business, science, and arts occupations: Management, business, and financial occupations"
S2412_C03_004,Earnings,Female,All,All,All,All,False,"Median earnings (dollars) for female: Full-time, year-round civilian employed population 16 years and over with earnings: Management, business, science, and arts occupations: Management, business, and financial occupations: Management occupations"
S2412_C03_005,Earnings,Female,All,All,All,All,False,"Median earnings (dollars) for female: Full-time, year-round civilian employed population 16 years and over with earnings: Management, business, science, and arts occupations: Management, business, and financial occupations: Business and financial operations occupations"
S2412_C03_006,Earnings,Female,All,All,All,All,False,"Median earnings (dollars) for female: Full-time, year-round civilian employed population 16 years and over with earnings: Management, business, science, and arts occupations: Computer, engineering, and science occupations"
S2412_C03_007,Earnings,Female,All,All,All,All,False,"Median earnings (dollars) for female: Full-time, year-round civilian employed population 16 years and over with earnings: Management, business, science, and arts occupations: Computer, engineering, and science occupations: Computer and mathematical occupations"
S2412_C03_008,Earnings,Female,All,All,All,All,False,"Median earnings (dollars) for female: Full-time, year-round civilian employed population 16 years and over with earnings: Management, business, science, and arts occupations: Computer, engineering, and science occupations: Architecture and engineering occupations"
S2412_C03_009,Earnings,Female,All,All,All,All,False,"Median earnings (dollars) for female: Full-time, year-round civilian employed population 16 years and over with earnings: Management, business, science, and arts occupations: Computer, engineering, and science occupations: Life, physical, and social science occupations"
S2412_C03_010,Earnings,Female,All,All,All,All,False,"Median earnings (dollars) for female: Full-time, year-round civilian employed population 16 years and over with earnings: Management, business, science, and arts occupations: Education, legal, community service, arts, and media occupations"
S2412_C03_011,Earnings,Female,All,All,All,All,False,"Median earnings (dollars) for female: Full-time, year-round civilian employed population 16 years and over with earnings: Management, business, science, and arts occupations: Education, legal, community service, arts, and media occupations: Community and social service occupations"
S2412_C03_012,Earnings,Female,All,All,All,All,False,"Median earnings (dollars) for female: Full-time, year-round civilian employed population 16 years and over with earnings: Management, business, science, and arts occupations: Education, legal, community service, arts, and media occupations: Legal occupations"
S2412_C03_013,Earnings,Female,All,All,All,All,False,"Median earnings (dollars) for female: Full-time, year-round civilian employed population 16 years and over with earnings: Management, business, science, and arts occupations: Education, legal, community service, arts, and media occupations: Educational instruction, and library occupations"
S2412_C03_014,Earnings,Female,All,All,All,All,False,"Median earnings (dollars) for female: Full-time, year-round civilian employed population 16 years and over with earnings: Management, business, science, and arts occupations: Education, legal, community service, arts, and media occupations: Arts, design, entertainment, sports, and media occupations"
S2412_C03_015,Earnings,Female,All,All,All,All,False,"Median earnings (dollars) for female: Full-time, year-round civilian employed population 16 years and over with earnings: Management, business, science, and arts occupations: Healthcare practitioners and technical occupations"
S2412_C03_016,Earnings,Female,All,All,All,All,False,"Median earnings (dollars) for female: Full-time, year-round civilian employed population 16 years and over with earnings: Management, business, science, and arts occupations: Healthcare practitioners and technical occupations: Health diagnosing and treating practitioners and other technical occupations"
S2412_C03_017,Earnings,Female,All,All,All,All,False,"Median earnings (dollars) for female: Full-time, year-round civilian employed population 16 years and over with earnings: Management, business, science, and arts occupations: Healthcare practitioners and technical occupations: Health technologists and technicians"
S2412_C03_018,Earnings,Female,All,All,All,All,False,"Median earnings (dollars) for female: Full-time, year-round civilian employed population 16 years and over with earnings: Service occupations"
S2412_C03_019,Earnings,Female,All,All,All,All,False,"Median earnings (dollars) for female: Full-time, year-round civilian employed population 16 years and over with earnings: Service occupations: Healthcare support occupations"
S2412_C03_020,Earnings,Female,All,All,All,All,False,"Median earnings (dollars) for female: Full-time, year-round civilian employed population 16 years and over with earnings: Service occupations: Protective service occupations"
S2412_C03_021,Earnings,Female,All,All,All,All,False,"Median earnings (dollars) for female: Full-time, year-round civilian employed population 16 years and over with earnings: Service occupations: Protective service occupations: Firefighting and prevention, and other protective service workers including supervisors"
S2412_C03_022,Earnings,Female,All,All,All,All,False,"Median earnings (dollars) for female: Full-time, year-round civilian employed population 16 years and over with earnings: Service occupations: Protective service occupations: Law enforcement workers including supervisors"
S2412_C03_023,Earnings,Female,All,All,All,All,False,"Median earnings (dollars) for female: Full-time, year-round civilian employed population 16 years and over with earnings: Service occupations: Food preparation and serving related occupations"
S2412_C03_024,Earnings,Female,All,All,All,All,False,"Median earnings (dollars) for female: Full-time, year-round civilian employed population 16 years and over with earnings: Service occupations: Building and grounds cleaning and maintenance occupations"
S2412_C03_025,Earnings,Female,All,All,All,All,False,"Median earnings (dollars) for female: Full-time, year-round civilian employed population 16 years and over with earnings: Service occupations: Personal care and service occupations"
S2412_C03_026,Earnings,Female,All,All,All,All,False,"Median earnings (dollars) for female: Full-time, year-round civilian employed population 16 years and over with earnings: Sales and office occupations"
S2412_C03_027,Earnings,Female,All,All,All,All,False,"Median earnings (dollars) for female: Full-time, year-round civilian employed population 16 years and over with earnings: Sales and office occupations: Sales and related occupations"
S2412_C03_028,Earnings,Female,All,All,All,All,False,"Median earnings (dollars) for female: Full-time, year-round civilian employed population 16 years and over with earnings: Sales and office occupations: Office and administrative support occupations"
S2412_C03_029,Earnings,Female,All,All,All,All,False,"Median earnings (dollars) for female: Full-time, year-round civilian employed population 16 years and over with earnings: Natural resources, construction, and maintenance occupations"
S2412_C03_030,Earnings,Female,All,All,All,All,False,"Median earnings (dollars) for female: Full-time, year-round civilian employed population 16 years and over with earnings: Natural resources, construction, and maintenance occupations: Farming, fishing, and forestry occupations"
S2412_C03_031,Earnings,Female,All,All,All,All,False,"Median earnings (dollars) for female: Full-time, year-round civilian employed population 16 years and over with earnings: Natural resources, construction, and maintenance occupations: Construction and extraction occupations"
S2412_C03_032,Earnings,Female,All,All,All,All,False,"Median earnings (dollars) for female: Full-time, year-round civilian employed population 16 years and over with earnings: Natural resources, construction, and maintenance occupations: Installation, maintenance, and repair occupations"
S2412_C03_033,Earnings,Female,All,All,All,All,False,"Median earnings (dollars) for female: Full-time, year-round civilian employed population 16 years and over with earnings: Production, transportation, and material moving occupations"
S2412_C03_034,Earnings,Female,All,All,All,All,False,"Median earnings (dollars) for female: Full-time, year-round civilian employed population 16 years and over with earnings: Production, transportation, and material moving occupations: Production occupations"
S2412_C03_035,Earnings,Female,All,All,All,All,False,"Median earnings (dollars) for female: Full-time, year-round civilian employed population 16 years and over with earnings: Production, transportation, and material moving occupations: Transportation occupations"
S2412_C03_036,Earnings,Female,All,All,All,All,False,"Median earnings (dollars) for female: Full-time, year-round civilian employed population 16 years and over with earnings: Production, transportation, and material moving occupations: Material moving occupations"
S2412_C04_001,Earnings,Total,All,All,All,All,False,"Women's earnings as a percentage of men's earning: Full-time, year-round civilian employed population 16 years and over with earnings"
S2412_C04_002,Earnings,Total,All,All,All,All,False,"Women's earnings as a percentage of men's earning: Full-time, year-round civilian employed population 16 years and over with earnings: Management, business, science, and arts occupations"
S2412_C04_003,Earnings,Total,All,All,All,All,False,"Women's earnings as a percentage of men's earning: Full-time, year-round civilian employed population 16 years and over with earnings: Management, business, science, and arts occupations: Management, business, and financial occupations"
S2412_C04_004,Earnings,Total,All,All,All,All,False,"Women's earnings as a percentage of men's earning: Full-time, year-round civilian employed population 16 years and over with earnings: Management, business, science, and arts occupations: Management, business, and financial occupations: Management occupations"
S2412_C04_005,Earnings,Total,All,All,All,All,False,"Women's earnings as a percentage of men's earning: Full-time, year-round civilian employed population 16 years and over with earnings: Management, business, science, and arts occupations: Management, business, and financial occupations: Business and financial operations occupations"
S2412_C04_006,Earnings,Total,All,All,All,All,False,"Women's earnings as a percentage of men's earning: Full-time, year-round civilian employed population 16 years and over with earnings: Management, business, science, and arts occupations: Computer, engineering, and science occupations"
S2412_C04_007,Earnings,Total,All,All,All,All,False,"Women's earnings as a percentage of men's earning: Full-time, year-round civilian employed population 16 years and over with earnings: Management, business, science, and arts occupations: Computer, engineering, and science occupations: Computer and mathematical occupations"
S2412_C04_008,Earnings,Total,All,All,All,All,False,"Women's earnings as a percentage of men's earning: Full-time, year-round civilian employed population 16 years and over with earnings: Management, business, science, and arts occupations: Computer, engineering, and science occupations: Architecture and engineering occupations"
S2412_C04_009,Earnings,Total,All,All,All,All,False,"Women's earnings as a percentage of men's earning: Full-time, year-round civilian employed population 16 years and over with earnings: Management, business, science, and arts occupations: Computer, engineering, and science occupations: Life, physical, and social science occupations"
S2412_C04_010,Earnings,Total,All,All,All,All,False,"Women's earnings as a percentage of men's earning: Full-time, year-round civilian employed population 16 years and over with earnings: Management, business, science, and arts occupations: Education, legal, community service, arts, and media occupations"
S2412_C04_011,Earnings,Total,All,All,All,All,False,"Women's earnings as a percentage of men's earning: Full-time, year-round civilian employed population 16 years and over with earnings: Management, business, science, and arts occupations: Education, legal, community service, arts, and media occupations: Community and social service occupations"
S2412_C04_012,Earnings,Total,All,All,All,All,False,"Women's earnings as a percentage of men's earning: Full-time, year-round civilian employed population 16 years and over with earnings: Management, business, science, and arts occupations: Education, legal, community service, arts, and media occupations: Legal occupations"
S2412_C04_013,Earnings,Total,All,All,All,All,False,"Women's earnings as a percentage of men's earning: Full-time, year-round civilian employed population 16 years and over with earnings: Management, business, science, and arts occupations: Education, legal, community service, arts, and media occupations: Educational instruction, and library occupations"
S2412_C04_014,Earnings,Total,All,All,All,All,False,"Women's earnings as a percentage of men's earning: Full-time, year-round civilian employed population 16 years and over with earnings: Management, business, science, and arts occupations: Education, legal, community service, arts, and media occupations: Arts, design, entertainment, sports, and media occupations"
S2412_C04_015,Earnings,Total,All,All,All,All,False,"Women's earnings as a percentage of men's earning: Full-time, year-round civilian employed population 16 years and over with earnings: Management, business, science, and arts occupations: Healthcare practitioners and technical occupations"
S2412_C04_016,Earnings,Total,All,All,All,All,False,"Women's earnings as a percentage of men's earning: Full-time, year-round civilian employed population 16 years and over with earnings: Management, business, science, and arts occupations: Healthcare practitioners and technical occupations: Health diagnosing and treating practitioners and other technical occupations"
S2412_C04_017,Earnings,Total,All,All,All,All,False,"Women's earnings as a percentage of men's earning: Full-time, year-round civilian employed population 16 years and over with earnings: Management, business, science, and arts occupations: Healthcare practitioners and technical occupations: Health technologists and technicians"
S2412_C04_018,Earnings,Total,All,All,All,All,False,"Women's earnings as a percentage of men's earning: Full-time, year-round civilian employed population 16 years and over with earnings: Service occupations"
S2412_C04_019,Earnings,Total,All,All,All,All,False,"Women's earnings as a percentage of men's earning: Full-time, year-round civilian employed population 16 years and over with earnings: Service occupations: Healthcare support occupations"
S2412_C04_020,Earnings,Total,All,All,All,All,False,"Women's earnings as a percentage of men's earning: Full-time, year-round civilian employed population 16 years and over with earnings: Service occupations: Protective service occupations"
S2412_C04_021,Earnings,Total,All,All,All,All,False,"Women's earnings as a percentage of men's earning: Full-time, year-round civilian employed population 16 years and over with earnings: Service occupations: Protective service occupations: Firefighting and prevention, and other protective service workers including supervisors"
S2412_C04_022,Earnings,Total,All,All,All,All,False,"Women's earnings as a percentage of men's earning: Full-time, year-round civilian employed population 16 years and over with earnings: Service occupations: Protective service occupations: Law enforcement workers including supervisors"
S2412_C04_023,Earnings,Total,All,All,All,All,False,"Women's earnings as a percentage of men's earning: Full-time, year-round civilian employed population 16 years and over with earnings: Service occupations: Food preparation and serving related occupations"
S2412_C04_024,Earnings,Total,All,All,All,All,False,"Women's earnings as a percentage of men's earning: Full-time, year-round civilian employed population 16 years and over with earnings: Service occupations: Building and grounds cleaning and maintenance occupations"
S2412_C04_025,Earnings,Total,All,All,All,All,False,"Women's earnings as a percentage of men's earning: Full-time, year-round civilian employed population 16 years and over with earnings: Service occupations: Personal care and service occupations"
S2412_C04_026,Earnings,Total,All,All,All,All,False,"Women's earnings as a percentage of men's earning: Full-time, year-round civilian employed population 16 years and over with earnings: Sales and office occupations"
S2412_C04_027,Earnings,Total,All,All,All,All,False,"Women's earnings as a percentage of men's earning: Full-time, year-round civilian employed population 16 years and over with earnings: Sales and office occupations: Sales and related occupations"
S2412_C04_028,Earnings,Total,All,All,All,All,False,"Women's earnings as a percentage of men's earning: Full-time, year-round civilian employed population 16 years and over with earnings: Sales and office occupations: Office and administrative support occupations"
S2412_C04_029,Earnings,Total,All,All,All,All,False,"Women's earnings as a percentage of men's earning: Full-time, year-round civilian employed population 16 years and over with earnings: Natural resources, construction, and maintenance occupations"
S2412_C04_030,Earnings,Total,All,All,All,All,False,"Women's earnings as a percentage of men's earning: Full-time, year-round civilian employed population 16 years and over with earnings: Natural resources, construction, and maintenance occupations: Farming, fishing, and forestry occupations"
S2412_C04_031,Earnings,Total,All,All,All,All,False,"Women's earnings as a percentage of men's earning: Full-time, year-round civilian employed population 16 years and over with earnings: Natural resources, construction, and maintenance occupations: Construction and extraction occupations"
S2412_C04_032,Earnings,Total,All,All,All,All,False,"Women's earnings as a percentage of men's earning: Full-time, year-round civilian employed population 16 years and over with earnings: Natural resources, construction, and maintenance occupations: Installation, maintenance, and repair occupations"
S2412_C04_033,Earnings,Total,All,All,All,All,False,"Women's earnings as a percentage of men's earning: Full-time, year-round civilian employed population 16 years and over with earnings: Production, transportation, and material moving occupations"
S2412_C04_034,Earnings,Total,All,All,All,All,False,"Women's earnings as a percentage of men's earning: Full-time, year-round civilian employed population 16 years and over with earnings: Production, transportation, and material moving occupations: Production occupations"
S2412_C04_035,Earnings,Total,All,All,All,All,False,"Women's earnings as a percentage of men's earning: Full-time, year-round civilian employed population 16 years and over with earnings: Production, transportation, and material moving occupations: Transportation occupations"
S2412_C04_036,Earnings,Total,All,All,All,All,False,"Women's earnings as a percentage of men's earning: Full-time, year-round civilian employed population 16 years and over with earnings: Production, transportation, and material moving occupations: Material moving occupations"
