county_name,geo_id,fips,total_population,pop_male,pop_female,median_household_income,median_earnings_total,median_earnings_female_fulltime,median_earnings_male_fulltime,gender_earnings_ratio,female_poverty_rate_pct,male_poverty_rate_pct,snap_participation_rate_pct,homeownership_rate_pct,female_uninsured_18_64_est,male_uninsured_18_64_est,female_in_labor_force_total_est,male_in_labor_force_total_est,female_unemployed_16_64_est,male_unemployed_16_64_est,female_lfpr_est_pct,male_lfpr_est_pct,female_employed_total_est,male_employed_total_est,female_share_employed_pct,pop_male_age_under5,pop_male_age_5_9,pop_male_age_10_14,pop_male_age_15_17,pop_male_age_18_19,pop_male_age_20,pop_male_age_21,pop_male_age_22_24,pop_male_age_25_29,pop_male_age_30_34,pop_male_age_35_39,pop_male_age_40_44,pop_male_age_45_49,pop_male_age_50_54,pop_male_age_55_59,pop_male_age_60_61,pop_male_age_62_64,pop_male_age_65_66,pop_male_age_67_69,pop_male_age_70_74,pop_male_age_75_79,pop_male_age_80_84,pop_male_age_85plus,pop_female_age_under5,pop_female_age_5_9,pop_female_age_10_14,pop_female_age_15_17,pop_female_age_18_19,pop_female_age_20,pop_female_age_21,pop_female_age_22_24,pop_female_age_25_29,pop_female_age_30_34,pop_female_age_35_39,pop_female_age_40_44,pop_female_age_45_49,pop_female_age_50_54,pop_female_age_55_59,pop_female_age_60_61,pop_female_age_62_64,pop_female_age_65_66,pop_female_age_67_69,pop_female_age_70_74,pop_female_age_75_79,pop_female_age_80_84,pop_female_age_85plus,pop_race_white,pop_race_black,pop_race_aian,pop_race_asian,pop_race_nhpi,pop_race_other,pop_race_two_or_more,pop_hispanic,pop_nonhispanic_white,pop_edu_total_25plus,edu_male_no_school,edu_male_nursery_4th,edu_male_5th_6th,edu_male_7th_8th,edu_male_9th,edu_male_10th,edu_male_11th,edu_male_12th_no_diploma,edu_male_hs_grad,edu_male_some_college_lt1yr,edu_male_some_college_nodeg,edu_male_associates,edu_male_bachelors,edu_male_masters,edu_male_professional,edu_male_doctorate,edu_female_no_school,edu_female_nursery_4th,edu_female_5th_6th,edu_female_7th_8th,edu_female_9th,edu_female_10th,edu_female_11th,edu_female_12th_no_diploma,edu_female_hs_grad,edu_female_some_college_lt1yr,edu_female_some_college_nodeg,edu_female_associates,edu_female_bachelors,edu_female_masters,edu_female_professional,edu_female_doctorate,pop_marital_total,marital_male_never_married,marital_male_married,marital_male_separated,marital_male_widowed,marital_male_divorced,marital_female_never_married,marital_female_married,marital_female_separated,marital_female_widowed,marital_female_divorced,pop_employ_total,employ_male_16_19_inlf,employ_male_16_19_employed,employ_male_16_19_unemployed,employ_male_16_19_nilf,employ_male_20_21_inlf,employ_male_20_21_employed,employ_male_20_21_unemployed,employ_male_20_21_nilf,employ_male_22_24_inlf,employ_male_22_24_employed,employ_male_22_24_unemployed,employ_male_22_24_nilf,employ_male_25_29_inlf,employ_male_25_29_employed,employ_male_25_29_unemployed,employ_male_25_29_nilf,employ_male_30_34_inlf,employ_male_30_34_employed,employ_male_30_34_unemployed,employ_male_30_34_nilf,employ_male_35_44_inlf,employ_male_35_44_employed,employ_male_35_44_unemployed,employ_male_35_44_nilf,employ_male_45_54_inlf,employ_male_45_54_employed,employ_male_45_54_unemployed,employ_male_45_54_nilf,employ_male_55_59_inlf,employ_male_55_59_employed,employ_male_55_59_unemployed,employ_male_55_59_nilf,employ_male_60_61_inlf,employ_male_60_61_employed,employ_male_60_61_unemployed,employ_male_60_61_nilf,employ_male_62_64_inlf,employ_male_62_64_employed,employ_male_62_64_unemployed,employ_male_62_64_nilf,employ_male_65_69_inlf,employ_male_65_69_nilf,employ_male_70_74_inlf,employ_male_70_74_nilf,employ_male_75plus_inlf,employ_male_75plus_nilf,employ_female_16_19_inlf,employ_female_16_19_employed,employ_female_16_19_unemployed,employ_female_16_19_nilf,employ_female_20_21_inlf,employ_female_20_21_employed,employ_female_20_21_unemployed,employ_female_20_21_nilf,employ_female_22_24_inlf,employ_female_22_24_employed,employ_female_22_24_unemployed,employ_female_22_24_nilf,employ_female_25_29_inlf,employ_female_25_29_employed,employ_female_25_29_unemployed,employ_female_25_29_nilf,employ_female_30_34_inlf,employ_female_30_34_employed,employ_female_30_34_unemployed,employ_female_30_34_nilf,employ_female_35_44_inlf,employ_female_35_44_employed,employ_female_35_44_unemployed,employ_female_35_44_nilf,employ_female_45_54_inlf,employ_female_45_54_employed,employ_female_45_54_unemployed,employ_female_45_54_nilf,employ_female_55_59_inlf,employ_female_55_59_employed,employ_female_55_59_unemployed,employ_female_55_59_nilf,employ_female_60_61_inlf,employ_female_60_61_employed,employ_female_60_61_unemployed,employ_female_60_61_nilf,employ_female_62_64_inlf,employ_female_62_64_employed,employ_female_62_64_unemployed,employ_female_62_64_nilf,employ_female_65_69_inlf,employ_female_65_69_nilf,employ_female_70_74_inlf,employ_female_70_74_nilf,employ_female_75plus_inlf,employ_female_75plus_nilf,median_earnings_lt_hs,median_earnings_hs,median_earnings_some_college,median_earnings_bachelors,median_earnings_graduate,median_earnings_all,median_earnings_male_other,median_earnings_female_all,median_earnings_female_other,pop_occupation_total,occ_male_mgmt_biz_sci_arts,occ_male_mgmt_biz_fin,occ_male_management,occ_male_biz_financial,occ_male_computer_eng_sci,occ_male_computer_math,occ_male_arch_eng,occ_male_life_phys_social_sci,occ_male_edu_legal_arts,occ_male_community_social,occ_male_legal,occ_male_education,occ_male_arts_media,occ_male_healthcare_practitioners,occ_male_health_diagnosing,occ_male_health_tech,occ_male_service,occ_male_healthcare_support,occ_male_protective_service,C24010_022E,C24010_023E,occ_male_food_service,occ_male_building_grounds,occ_male_personal_care,occ_male_sales_office,occ_male_sales,occ_male_admin_support,occ_male_natural_res_construction,occ_male_farming_fishing,occ_male_construction,occ_male_installation_repair,occ_male_production_transport,occ_male_production,occ_male_transportation,occ_male_material_moving,occ_female_mgmt_biz_sci_arts,occ_female_mgmt_biz_fin,occ_female_management,occ_female_biz_financial,occ_female_computer_eng_sci,occ_female_computer_math,occ_female_arch_eng,occ_female_life_phys_social_sci,occ_female_edu_legal_arts,occ_female_community_social,occ_female_legal,occ_female_education,occ_female_arts_media,occ_female_healthcare_practitioners,occ_female_health_diagnosing,occ_female_health_tech,occ_female_service,occ_female_healthcare_support,occ_female_protective_service,C24010_058E,C24010_059E,occ_female_food_service,occ_female_building_grounds,occ_female_personal_care,occ_female_sales_office,occ_female_sales,occ_female_admin_support,occ_female_natural_res_construction,occ_female_farming_fishing,occ_female_construction,occ_female_installation_repair,occ_female_production_transport,occ_female_production,occ_female_transportation,occ_female_material_moving,pop_industry_total,ind_male_agriculture_mining,ind_male_agriculture,ind_male_mining,ind_male_construction,ind_male_manufacturing,ind_male_wholesale,ind_male_retail,ind_male_transport_utilities,ind_male_transportation,ind_male_utilities,ind_male_information,ind_male_finance_realestate,ind_male_finance,ind_male_realestate,ind_male_professional_mgmt,ind_male_professional_sci,ind_male_management,ind_male_admin_waste,ind_male_edu_health_social,ind_male_education,ind_male_healthcare_social,ind_male_arts_food,ind_male_arts_entertainment,ind_male_accommodation_food,ind_male_other_services,ind_male_public_admin,ind_female_agriculture_mining,ind_female_agriculture,ind_female_mining,ind_female_construction,ind_female_manufacturing,ind_female_wholesale,ind_female_retail,ind_female_transport_utilities,ind_female_transportation,ind_female_utilities,ind_female_information,ind_female_finance_realestate,ind_female_finance,ind_female_realestate,ind_female_professional_mgmt,ind_female_professional_sci,ind_female_management,ind_female_admin_waste,ind_female_edu_health_social,ind_female_education,ind_female_healthcare_social,ind_female_arts_food,ind_female_arts_entertainment,ind_female_accommodation_food,ind_female_other_services,ind_female_public_admin,housing_total,housing_owner_occupied,housing_renter_occupied,pop_poverty_universe,pop_below_poverty_total,pop_male_below_poverty,pop_female_below_poverty,pop_above_poverty_total,pop_male_above_poverty,pop_female_above_poverty,pop_insurance_universe,ins_male_under6_insured,ins_male_under6_uninsured,ins_male_6_17_insured,ins_male_6_17_uninsured,ins_male_18_24_insured,ins_male_18_24_uninsured,ins_male_25_34_insured,ins_male_25_34_uninsured,ins_male_35_44_insured,ins_male_35_44_uninsured,ins_male_45_54_insured,ins_male_45_54_uninsured,ins_male_55_64_insured,ins_male_55_64_uninsured,ins_male_65_74_insured,ins_male_65_74_uninsured,ins_male_75plus_insured,ins_male_75plus_uninsured,ins_female_under6_insured,ins_female_under6_uninsured,ins_female_6_17_insured,ins_female_6_17_uninsured,ins_female_18_24_insured,ins_female_18_24_uninsured,ins_female_25_34_insured,ins_female_25_34_uninsured,ins_female_35_44_insured,ins_female_35_44_uninsured,ins_female_45_54_insured,ins_female_45_54_uninsured,ins_female_55_64_insured,ins_female_55_64_uninsured,ins_female_65_74_insured,ins_female_65_74_uninsured,ins_female_75plus_insured,ins_female_75plus_uninsured,snap_total_households,snap_received_yes,snap_received_no
Adams County,55001,001,21123,11493,9630,59442,42413,33226,45479,0.7306,7.82,6.31,14.62,86.24,4644,547,395,10215,3394,4,4.1,88.88,3786,4707,44.58,343,375,474,314,179,81,112,241,524,549,749,686,651,666,819,484,715,531,699,1011,594,358,338,271,422,382,266,123,71,55,194,366,368,446,386,459,626,880,435,608,457,641,869,567,408,330,18788,429,153,135,0,241,1377,933,18503,17220,94,9,19,200,80,265,203,278,3873,878,1176,833,1145,255,39,27,7846,83,6,20,53,41,136,191,145,3027,859,891,840,1127,355,59,18856,2761,5344,5032,312,45,4942,4655,287,94,193,18685,407,198,0,198,193,184,0,184,241,170,0,170,524,396,0,396,549,358,4,354,1435,1088,0,1088,1317,938,0,938,819,605,0,605,484,264,0,264,715,332,0,332,1230,234,1011,130,1290,73,0,138,121,17,0,116,116,0,0,155,155,0,0,261,251,10,3,303,260,43,0,640,594,46,0,866,851,15,0,611,602,9,0,215,215,0,0,229,229,0,194,3,73,0,125,0,35117.0,36881,43791,62022,62500,39606,59705,11766,46324,8493,824,490,396,94,173,99,56,18,130,23,3,82,22,31,8,23,851,45,292,187,105,118,285,111,651,508,143,931,74,422,435,1450,584,537,329,1302,578,392,186,93,43,22,28,365,34,0,286,45,266,202,64,846,276,44,26,18,289,146,91,1176,374,802,41,11,4,26,421,204,45,172,8493,221,221,0,527,947,219,493,479,397,82,18,115,79,36,306,99,0,207,290,126,164,475,208,267,256,361,58,55,3,47,376,84,512,92,65,27,60,276,217,59,300,188,3,109,1032,369,663,487,76,411,188,274,9517,8207,1310,20452,2889,1290,1599,17563,9589,7974,20473,406,11,1186,18,415,114,725,75,1072,152,1085,116,1902,90,2230,0,1289,0,319,309,1087,1036,463,424,646,605,832,794,1076,999,1923,1822,1967,1960,1274,1272,9517,1391,8126
Ashland County,55003,003,16080,8178,7902,62462,43928,34391,42246,0.8141,6.77,6.61,14.27,73.43,4170,517,307,6597,3557,4,3.89,80.67,3864,3720,50.95,434,445,492,415,267,244,144,151,406,462,502,392,447,435,678,207,374,255,260,579,285,123,181,365,344,491,345,237,108,72,245,414,524,345,553,403,413,576,306,392,248,286,508,305,144,278,13326,83,1532,119,1,45,974,476,13065,11281,53,0,24,12,9,59,63,72,2100,401,1025,639,772,251,78,28,5695,17,33,0,6,30,22,23,87,1854,401,693,891,1065,460,71,13509,2489,3193,3056,137,61,3320,3188,132,40,92,13198,472,226,0,226,388,197,0,197,151,90,0,90,406,369,0,369,462,381,0,381,894,815,4,811,882,729,0,729,678,427,0,427,207,173,0,173,374,170,0,170,515,161,579,81,589,77,0,255,230,25,0,161,153,8,0,230,188,42,0,365,347,18,0,408,403,5,0,791,782,9,0,652,647,5,0,402,399,3,0,205,199,6,0,209,209,0,131,3,109,0,67,1,21331.0,33036,44324,51884,60781,38573,59777,9562,48834,7584,987,491,322,169,196,40,107,49,247,48,3,135,61,53,46,7,500,47,91,48,43,152,168,42,487,292,195,980,46,591,343,766,332,216,218,1507,525,387,138,66,14,6,46,516,122,0,357,37,400,313,87,772,229,26,22,4,264,166,87,1193,412,781,29,24,3,2,363,126,98,139,7584,87,87,0,666,637,24,441,184,122,62,42,78,50,28,350,88,0,262,445,272,173,379,80,299,83,304,76,76,0,57,200,21,485,85,79,6,41,234,179,55,269,174,0,95,1591,594,997,379,52,327,145,281,6832,5017,1815,15453,2067,1021,1046,13386,6795,6591,15853,486,13,1329,53,602,165,637,137,848,41,786,93,1173,81,1042,2,556,0,437,417,1199,1112,627,493,878,786,898,888,816,795,1274,1208,1040,1040,640,640,6832,975,5857
Barron County,55005,005,46797,23466,23331,65933,44652,33638,48352,0.6957,5.85,5.16,11.47,77.37,11509,1230,844,18984,10326,19,3.62,80.9,11167,11741,48.75,1105,1622,1323,891,447,154,243,948,1221,1198,1306,1424,1324,1402,1537,851,1144,712,1029,1474,976,699,436,1252,1348,1448,879,496,289,277,553,1213,1106,1273,1424,1218,1376,1614,712,1151,728,1096,1299,1094,680,805,42846,618,195,281,0,874,1983,1509,42500,33522,260,53,3,277,203,328,192,382,6256,1031,2045,2285,2214,707,313,184,16789,66,24,12,308,66,239,159,222,5200,1413,1959,2762,2905,1060,265,38699,5397,11179,10646,533,163,10590,10194,396,111,285,37994,906,595,0,595,397,345,0,345,948,840,0,840,1221,1103,0,1103,1198,1100,0,1100,2730,2524,0,2524,2726,2450,19,2431,1537,1181,0,1181,851,578,0,578,1144,598,0,598,1741,473,1474,207,2111,135,0,798,735,63,0,527,464,63,0,474,474,0,3,994,974,20,0,964,957,7,0,2454,2377,77,0,2200,2187,13,0,1191,1176,15,0,406,393,13,0,593,589,4,549,21,152,1,140,0,43613.0,39898,41218,58606,73571,40715,57958,16578,44685,22908,3149,1597,1385,212,507,203,237,67,804,175,27,461,141,241,215,26,1033,121,189,44,145,323,361,39,1410,1052,358,2439,334,1246,859,3710,1819,1087,804,4494,1454,964,490,296,115,108,73,1533,317,73,937,206,1211,743,468,2265,711,36,5,31,848,218,452,2787,838,1949,257,127,68,62,1364,923,32,409,22908,853,763,90,1466,3086,296,1468,939,765,174,124,364,149,215,598,233,2,363,1043,573,470,566,142,424,507,431,310,281,29,191,1649,99,1315,264,225,39,133,452,371,81,557,265,69,223,4076,1291,2785,1150,220,930,565,406,19955,15439,4516,46166,5083,2380,2703,41083,20790,20293,46345,1448,77,3145,449,1555,292,1858,295,2452,247,2494,212,3306,184,3192,0,2036,0,1433,1397,3775,3595,1564,1378,2083,1815,2695,2611,2581,2410,3477,3295,3102,3093,2393,2386,19955,2288,17667
Bayfield County,55007,007,16575,8441,8134,71151,43814,33502,45224,0.7408,5.32,4.45,11.55,83.86,3826,375,464,7214,3070,15,5.7,85.46,3534,3693,48.9,341,345,439,288,138,49,109,182,321,336,394,435,413,506,677,287,558,316,525,842,505,214,221,298,387,360,249,119,90,47,162,333,324,416,426,371,506,676,307,501,374,531,696,432,253,276,13945,125,1290,92,7,59,1057,351,13873,12972,24,2,9,24,22,26,55,69,1957,500,927,821,1295,565,167,87,6422,42,0,37,19,9,33,52,100,1451,455,929,867,1537,672,110,14405,1759,4487,4297,190,58,4177,4104,73,19,54,14201,324,180,0,180,158,104,3,101,182,136,0,136,321,280,9,271,336,313,0,313,829,698,0,698,919,712,3,709,677,480,0,480,287,204,0,204,558,300,0,300,841,236,842,163,940,66,0,152,138,14,0,90,82,8,0,148,143,5,0,255,250,5,0,244,233,11,0,724,697,27,0,744,734,10,0,402,393,9,0,189,180,9,0,220,220,0,320,5,75,2,69,0,24609.0,35859,41743,50726,64250,39428,62043,17172,52556,7227,1174,567,508,59,220,50,88,82,263,40,12,146,65,124,94,30,605,46,142,40,102,215,171,31,319,228,91,790,53,471,266,805,350,272,183,1709,615,399,216,151,53,9,89,532,111,25,292,104,411,224,187,737,249,31,21,10,209,120,128,872,395,477,45,21,19,5,171,45,66,60,7227,224,222,2,547,521,63,343,277,228,49,67,98,28,70,243,156,2,85,410,214,196,455,159,296,198,247,49,49,0,68,160,16,381,103,98,5,72,269,189,80,270,174,0,96,1286,360,926,491,183,308,161,208,7437,6237,1200,16392,1601,729,872,14791,7630,7161,16464,404,18,1037,53,324,71,553,61,737,89,854,58,1426,96,1678,5,916,0,366,352,1000,966,404,315,593,530,840,787,873,807,1484,1387,1591,1590,933,933,7437,859,6578
Brown County,55009,009,270892,135334,135558,79649,52733,38783,53286,0.7278,4.98,4.07,10.45,65.99,74783,6318,2958,107353,65249,38,2.18,79.32,68207,74734,47.72,7934,8627,9519,5799,3614,1927,1483,5451,9162,9291,9675,8667,8077,8192,9171,3981,4399,3000,4086,5993,3442,2352,1492,7634,8355,8934,5458,3696,1337,2067,5452,8785,8731,9270,8301,7660,8033,9478,3500,4908,3522,4249,6379,3972,2965,2872,214103,6745,5117,9193,87,11087,24560,27824,209400,183605,1220,139,464,412,804,607,1114,1916,26974,6070,11012,11177,20470,5883,1636,1082,92625,1083,254,353,342,440,435,728,1398,26624,6592,10157,11762,22222,8368,986,219889,40696,54712,52429,2283,600,54331,51884,2447,639,1808,216138,7512,4135,0,4135,3410,2771,0,2771,5451,4809,0,4809,9162,8263,23,8240,9291,8560,0,8560,18342,16882,15,16867,16269,14923,0,14923,9171,7456,0,7456,3981,2827,0,2827,4399,2539,0,2539,7086,2295,5993,1032,7286,329,0,4833,4553,280,0,2802,2620,182,0,4639,4525,114,0,7521,7367,154,0,7225,7120,105,0,15049,14658,391,0,13051,12682,369,0,7259,7207,52,0,2302,2244,58,0,2300,2273,27,1711,37,668,0,579,0,39194.0,40141,50500,63949,75951,46066,63757,13571,53257,142941,25671,11981,7717,4264,7086,3401,3249,436,4436,786,342,2104,1204,2168,1529,639,8275,664,1645,1091,554,3225,2106,635,11006,7035,3971,10282,457,5687,4138,19500,10290,3752,5458,30525,10661,5862,4799,2648,1477,568,603,9362,1597,674,5813,1278,7854,5596,2258,13057,4068,597,500,97,4101,1664,2627,18228,6610,11618,577,406,89,82,5820,3731,546,1543,142941,1229,1192,37,7286,19091,2935,7951,5949,4678,1271,924,4511,3669,842,7203,4235,42,2926,7779,3049,4730,5225,1521,3704,2487,2164,599,599,0,844,7080,1316,7300,2563,2302,261,735,6273,5514,759,5499,3627,60,1812,24427,8260,16167,6116,1106,5010,3567,1888,110933,73206,37727,263887,23900,10746,13154,239987,120773,119214,268399,9439,441,22971,952,10578,1105,14620,1927,16509,1304,14844,1178,16710,804,12839,89,7113,0,9198,8904,23089,22119,12345,11270,15787,14773,17564,16705,15681,14804,17850,17231,14076,14059,9386,9338,110933,11597,99336
Buffalo County,55011,011,13393,6759,6634,70479,49142,37345,51335,0.7275,4.87,3.56,10.45,77.5,3397,284,200,5684,2942,4,3.01,84.1,3136,3645,46.25,299,352,392,229,126,72,30,224,344,344,463,353,389,410,566,220,309,179,302,532,276,145,203,336,423,372,265,124,37,61,202,322,322,414,325,393,415,436,187,419,172,205,500,194,331,179,12599,57,29,33,0,183,492,385,12540,9849,57,0,25,48,17,88,74,103,2184,239,610,681,610,211,65,23,4814,29,2,8,45,8,66,111,40,1502,310,660,763,932,291,29,11219,1655,3105,2932,173,52,2958,2853,105,35,70,11127,323,164,0,164,102,92,0,92,224,213,3,210,344,273,0,273,344,335,0,335,816,754,1,753,799,747,0,747,566,489,0,489,220,143,0,143,309,147,0,147,481,188,532,155,624,75,0,175,157,18,0,72,68,4,6,168,168,0,0,303,293,10,0,269,258,11,0,659,652,7,0,702,692,10,0,337,337,0,0,99,99,0,0,219,218,1,103,0,59,12,32,0,35606.0,44116,49253,62969,61827,44670,59159,16875,48409,6781,962,625,524,101,185,67,100,18,120,37,4,67,12,32,26,6,322,56,31,4,27,73,151,11,328,199,129,876,205,368,303,1157,563,380,214,1259,532,262,270,64,36,6,22,352,92,5,224,31,311,193,118,646,278,9,1,8,202,74,83,900,214,686,45,19,13,13,286,152,29,105,6781,553,516,37,461,995,132,281,312,236,76,31,76,30,46,176,88,0,88,295,152,143,132,46,86,127,74,94,93,1,22,353,62,405,273,267,6,21,183,167,16,137,75,0,62,1133,335,798,186,15,171,111,156,5720,4433,1287,13266,1118,472,646,12148,6211,5937,13340,379,10,916,31,406,36,581,45,754,59,720,73,1018,71,999,9,620,0,456,438,1020,984,406,382,575,543,739,707,808,769,1042,996,876,875,691,691,5720,598,5122
Burnett County,55013,013,16916,8695,8221,62819,42673,33810,43113,0.7842,6.73,6.03,12.52,85.85,3796,430,354,7484,3040,0,4.31,86.07,3394,3566,48.76,294,392,424,292,168,80,75,177,326,326,340,456,403,517,646,356,619,398,598,791,518,250,249,259,396,347,245,122,21,41,200,349,356,392,403,388,484,677,364,521,306,541,793,467,282,267,15226,148,518,92,8,127,797,333,15160,13383,97,3,0,72,30,109,79,176,2606,490,991,666,999,346,73,56,6590,30,1,0,36,9,36,92,90,2483,575,814,906,1031,398,56,14804,2230,3962,3709,253,137,3906,3728,178,80,98,14625,359,150,0,150,155,117,0,117,177,159,0,159,326,277,0,277,326,288,0,288,796,666,0,666,920,789,0,789,646,442,0,442,356,234,0,234,619,293,0,293,996,188,791,141,1017,60,0,177,149,28,0,40,35,5,0,172,155,17,0,317,292,25,0,279,276,3,0,627,609,18,0,737,724,13,0,409,403,6,0,221,217,4,0,180,180,0,199,0,104,0,51,0,33977.0,35819,43412,52429,56932,38289,59358,14468,49119,6960,933,561,457,104,167,67,84,16,166,49,11,96,10,39,27,12,409,57,102,48,54,82,148,20,399,270,129,764,55,416,293,1061,586,278,197,1418,549,349,200,41,22,2,17,430,109,16,278,27,398,226,172,639,215,20,4,16,217,65,122,912,257,655,39,17,7,15,386,279,41,66,6960,132,123,9,543,785,98,382,313,268,45,52,107,63,44,225,101,0,124,381,147,234,189,81,108,204,155,57,57,0,70,429,19,338,61,52,9,32,244,206,38,199,133,0,66,1154,371,783,393,121,272,195,203,7188,6171,1017,16737,2136,1009,1127,14601,7587,7014,16835,336,15,1085,42,452,50,475,83,679,110,817,103,1531,84,1778,3,1009,4,355,336,989,916,356,336,636,582,792,679,872,799,1562,1400,1640,1640,977,977,7188,900,6288
Calumet County,55015,015,52942,26972,25970,88810,57965,44252,60514,0.7313,3.51,2.37,6.09,80.08,14888,823,619,21614,12928,10,2.38,80.13,13547,15172,47.17,1305,1459,2183,1284,606,318,387,765,1434,1617,1767,1836,1756,1910,2164,820,1063,750,990,1045,664,409,440,1247,1496,1697,1089,510,145,227,964,1472,1609,1779,1671,1564,1829,1963,876,1026,852,923,1137,872,577,445,46733,509,130,1375,0,903,3292,3016,46318,37260,144,25,35,146,135,210,115,265,5828,1085,2532,2704,4003,932,302,204,18595,78,0,25,77,137,83,161,192,5153,1349,2144,2357,4865,1669,157,43555,6247,13460,12872,588,92,12835,12555,280,51,229,42725,1479,973,0,973,705,632,0,632,765,648,0,648,1434,1297,0,1297,1617,1555,10,1545,3603,3354,0,3354,3666,3346,0,3346,2164,1930,0,1930,820,627,0,627,1063,648,0,648,1740,392,1045,124,1513,97,0,850,805,45,0,286,266,20,0,756,749,7,0,1238,1214,24,0,1186,1186,0,0,2969,2958,11,0,3105,3101,4,0,1544,1520,24,0,605,585,20,0,544,544,0,441,25,140,0,38,0,37248.0,49221,53817,68676,79897,52511,70138,15833,55459,28719,5255,2776,1946,830,1575,590,805,180,607,157,59,324,67,297,207,90,1407,94,384,84,300,404,365,160,2353,1469,884,1947,204,914,829,4210,2556,740,914,6200,2202,1273,929,465,250,53,162,1934,447,65,1323,99,1599,1159,440,2001,742,71,50,21,597,210,381,3755,1345,2410,144,98,28,18,1447,912,238,297,28719,600,587,13,1348,4867,603,1558,1170,998,172,160,796,639,157,1161,757,46,358,1218,549,669,548,92,456,629,514,180,159,21,140,1924,387,1247,401,399,2,186,1354,1090,264,1196,618,1,577,4925,1819,3106,736,72,664,490,381,21372,17114,4258,52728,3100,1251,1849,49628,25655,23973,52784,1444,2,4950,59,1928,153,2575,231,3375,213,3600,66,3883,160,2780,0,1490,0,1557,1540,4289,4208,1771,1703,2838,2751,3450,3383,3393,3312,3827,3739,2864,2864,1886,1886,21372,1301,20071
Chippewa County,55017,017,66799,34722,32077,74680,48034,38076,50967,0.7471,5.53,4.69,11.8,74.16,16749,1237,985,28349,14868,8,3.07,81.65,15853,17368,47.72,1714,1955,2183,1385,676,250,328,1189,2214,2175,2495,2435,2093,2293,2399,1086,1545,768,1332,1880,1130,595,602,1736,1954,1996,1368,677,284,346,866,1761,1793,2164,1871,1711,2080,2029,924,1636,814,1279,1845,1138,825,980,61893,967,370,881,4,220,2464,1311,61692,47892,287,31,44,295,195,251,440,469,9375,1912,3092,3272,3983,882,368,146,22850,184,47,50,120,177,66,134,205,6983,1973,2916,3768,4554,1292,198,55261,9757,14704,14053,651,211,14433,13902,531,241,290,54229,1540,906,0,906,578,449,0,449,1189,1065,8,1057,2214,1787,0,1787,2175,1718,0,1718,4930,3915,0,3915,4386,3741,0,3741,2399,1890,0,1890,1086,739,0,739,1545,650,0,650,2100,717,1880,346,2327,150,0,955,861,94,0,560,546,14,0,782,755,27,0,1481,1427,54,0,1537,1511,26,0,3606,3574,32,0,3294,3289,5,0,1538,1515,23,0,671,631,40,0,787,759,28,601,3,303,0,81,6,34447.0,40610,46452,61107,72500,43288,61517,16879,47352,33221,4545,2181,1642,539,1241,456,659,126,854,154,64,466,170,269,162,107,2107,166,516,217,299,572,793,60,2130,1398,732,3438,257,1867,1314,5148,2446,1274,1428,6853,2561,1448,1113,300,138,112,50,2139,383,52,1449,255,1853,1210,643,3235,1378,123,83,40,925,400,409,4253,1415,2838,112,45,52,15,1400,787,173,440,33221,757,661,96,2382,3912,560,2533,1484,1268,216,166,374,254,120,1382,676,10,696,1734,926,808,772,151,621,703,609,124,124,0,127,1344,168,2645,477,395,82,234,1443,1190,253,714,377,4,333,6424,1784,4640,1042,100,942,607,504,27139,20126,7013,64211,6566,3013,3553,57645,29401,28244,64362,2009,50,5226,285,2125,290,3022,386,3887,274,3909,153,4614,134,3883,5,2251,0,2030,1953,5500,5269,1969,1802,3279,3073,4035,3828,3791,3605,4589,4441,3888,3863,2778,2773,27139,3203,23936
Clark County,55019,019,34739,17738,17001,67400,45947,32772,49215,0.6659,6.49,5.58,10.5,78.53,6838,2189,574,13141,6338,5,3.38,74.08,6910,8924,43.64,1445,1536,1349,904,456,152,189,692,996,854,918,927,938,1009,1203,539,696,390,687,828,452,328,250,1394,1451,1349,877,390,175,249,562,897,841,809,962,851,937,1021,456,731,467,520,721,451,370,520,31688,299,69,136,3,531,2013,2232,31436,21569,194,25,93,1047,114,202,164,247,5063,678,1071,1001,783,242,88,3,10554,100,5,41,940,121,93,110,185,4014,801,1158,1299,1214,395,40,26215,4194,7642,7312,330,111,7439,7139,300,89,211,25594,1093,613,0,613,341,325,0,325,692,655,0,655,996,930,0,930,854,795,0,795,1845,1688,5,1683,1947,1769,0,1769,1203,982,0,982,539,380,0,380,696,425,0,425,1077,408,828,191,1030,124,0,548,499,49,0,272,257,15,0,368,347,21,0,575,558,17,2,549,518,31,0,1376,1313,63,0,1365,1337,28,0,784,753,31,0,305,305,0,0,451,451,0,345,3,117,0,110,0,44259.0,42151,46342,56106,62031,41378,55803,17905,45289,15834,2150,1559,1406,153,311,114,131,66,220,54,4,115,47,60,44,16,722,98,209,14,195,149,221,45,867,528,339,2204,483,1028,693,2981,1592,774,615,2593,991,716,275,133,31,17,85,871,77,26,670,98,598,349,249,1414,603,35,2,33,407,177,192,1763,524,1239,197,168,20,9,943,625,43,275,15834,1415,1379,36,1231,2529,195,789,776,614,162,31,94,73,21,318,174,0,144,475,160,315,205,49,156,544,322,365,364,1,80,1102,62,884,171,158,13,37,367,307,60,312,196,0,116,2658,801,1857,382,15,367,230,260,12839,10082,2757,34161,4123,1905,2218,30038,15556,14482,34345,1032,752,2477,1198,879,567,1122,525,1406,425,1574,359,2092,313,1869,25,938,9,1685,1097,3556,2485,1357,825,1583,1149,1771,1370,1780,1494,2193,2000,1650,1622,1208,1179,12839,1348,11491
Columbia County,55021,021,58272,29818,28454,85351,54669,41565,55290,0.7518,4.37,3.38,8.95,76.66,15427,1188,843,24511,13597,70,2.96,82.2,14418,16021,47.37,1499,1693,1788,1223,626,246,250,1044,1697,1795,1850,2203,1833,2011,2180,861,1524,832,1063,1677,855,745,323,1401,1491,1745,1132,506,284,222,935,1496,1676,1569,2085,1660,1899,2294,974,1158,785,1210,1403,976,743,810,53053,1062,313,466,0,853,2525,2385,52592,42187,155,47,26,271,129,238,321,455,7165,2116,3338,2448,3319,942,309,170,20738,110,28,19,199,31,112,186,209,5583,1832,3321,2890,4259,1455,197,48655,7891,13551,13061,490,86,12918,12342,576,269,307,47937,1522,784,0,784,496,423,2,421,1044,908,0,908,1697,1454,6,1448,1795,1566,38,1528,4053,3615,22,3593,3844,3237,2,3235,2180,1799,0,1799,861,625,0,625,1524,1033,0,1033,1895,740,1677,239,1923,221,0,757,728,29,2,371,342,29,0,818,784,34,2,1212,1195,17,18,1408,1394,14,0,3104,3016,88,0,3041,3023,18,0,1848,1812,36,0,796,653,143,0,650,650,0,470,1,215,0,136,0,37875.0,46327,54509,68161,70644,49533,64651,15107,55386,30439,5114,2764,2208,556,1209,418,568,223,890,249,99,373,169,251,160,91,1470,149,377,113,264,450,433,61,2037,1333,704,3354,156,1737,1461,4046,1902,1165,979,6768,2814,1538,1276,630,315,81,234,1682,291,67,1068,256,1642,1062,580,2796,897,202,159,43,971,270,456,3498,972,2526,203,65,39,99,1153,685,125,343,30439,799,729,70,2280,3728,609,1453,1276,1031,245,188,510,341,169,1432,861,23,548,1388,605,783,742,158,584,913,703,238,238,0,353,1276,193,1591,343,266,77,243,1264,1149,115,1272,936,0,336,5018,1419,3599,1209,198,1011,681,737,24158,18520,5638,56714,4396,1916,2480,52318,26710,25608,56855,1754,80,4585,170,1729,296,2660,222,3465,312,3441,192,4280,166,3530,2,1818,3,1686,1528,4391,4117,1998,1825,2766,2621,3648,3425,3549,3413,4426,4143,3377,3374,2309,2309,24158,2162,21996
Crawford County,55023,023,16042,8323,7719,64094,44435,37701,44616,0.845,7.06,6.72,10.86,77.15,3748,531,314,6974,2917,16,4.07,83.79,3227,3634,47.03,409,471,392,315,185,112,36,346,457,415,517,450,440,520,618,294,365,240,374,595,375,254,143,386,404,401,299,138,42,41,241,330,359,472,415,418,427,692,317,286,251,380,534,426,198,262,14901,255,46,83,15,100,642,314,14863,11824,29,0,5,74,16,54,112,220,2693,478,772,646,667,191,70,30,5767,47,0,5,55,22,69,64,80,2061,489,700,966,793,312,74,13579,2297,3626,3290,336,118,3552,3413,139,62,77,13407,423,165,0,165,148,97,0,97,346,206,0,206,457,351,0,351,415,294,10,284,967,697,0,697,960,783,6,777,618,485,0,485,294,219,0,219,365,180,0,180,614,134,595,78,772,84,0,141,131,10,0,49,44,5,0,173,170,3,4,171,163,8,0,292,292,0,0,670,658,12,0,698,688,10,0,468,461,7,0,177,169,8,0,141,141,0,178,3,102,1,30,33,35807.0,40384,45273,49643,62036,41006,56389,18110,47078,6861,836,533,464,69,118,55,53,10,125,16,10,82,17,60,50,10,449,74,138,20,118,118,100,19,429,325,104,989,122,549,318,931,420,189,322,1217,422,286,136,62,29,18,15,376,64,24,251,37,357,249,108,691,187,17,12,5,336,98,53,780,221,559,45,37,1,7,494,324,12,158,6861,397,351,46,605,831,137,397,171,154,17,47,86,65,21,227,54,0,173,290,118,172,169,22,147,100,177,103,84,19,16,453,37,442,123,121,2,26,142,127,15,254,127,6,121,1082,355,727,301,21,280,73,175,6706,5174,1532,15197,2094,1021,1073,13103,6596,6507,15239,490,20,1096,88,434,131,525,115,673,91,793,67,1076,127,1180,0,711,3,498,473,1084,1013,415,353,629,573,887,827,835,765,1288,1230,1165,1164,818,803,6706,728,5978
Dane County,55025,025,572674,286592,286082,89975,62464,44990,60493,0.7437,5.67,4.95,8.1,57.12,172002,9793,7616,234961,147532,367,2.66,81.98,155096,169223,47.82,14888,16274,16828,10247,9566,5401,6462,17845,24281,21649,21558,19161,16556,15953,15953,5759,8940,5510,7758,11645,6565,4294,3499,13976,14460,16469,9650,10188,6529,5680,16418,22536,20279,20365,18474,16026,15701,16460,6082,9791,5854,8790,13022,7898,5382,6052,442561,29788,1320,35212,347,12232,51214,44744,433966,381793,1729,377,375,452,515,788,1198,1995,33878,8105,21118,16530,61471,24296,6817,9437,192712,1753,269,588,381,489,552,802,1310,32346,8349,19068,17618,65092,31190,5537,479779,102408,114941,109627,5314,1135,112450,106875,5575,1773,3802,473056,16172,7871,0,7871,11863,7287,0,7287,17845,15511,78,15433,24281,22422,21,22401,21649,19670,94,19576,40719,37696,51,37645,32509,30020,121,29899,15953,13209,2,13207,5759,4262,0,4262,8940,5900,0,5900,13268,5558,11645,2714,14358,1367,0,8673,8063,610,0,8851,8490,361,3,14113,13338,775,19,20216,19717,499,5,17722,17374,348,0,32368,31946,422,17,27277,26692,585,8,12764,12572,192,0,4042,4010,32,0,5425,5330,95,4120,69,2277,6,1167,40,33619.0,41994,51548,72576,83102,52047,76096,14852,63311,324319,91807,34390,22370,12020,33667,19505,8075,6087,17591,1577,1719,9735,4560,6159,4618,1541,17561,1425,2723,1537,1186,6896,5189,1328,22741,13524,9217,15813,911,8990,5912,21301,8487,5097,7717,90228,29039,16549,12490,13971,6116,1363,6492,28040,4676,1981,17019,4364,19178,14299,4879,24568,7213,1532,960,572,7795,2768,5260,31840,10350,21490,630,273,180,177,7830,4600,1079,2151,324319,1947,1890,57,13560,21380,4377,16099,7277,5558,1719,5281,11920,9663,2257,32787,26975,267,5545,29650,17891,11759,11389,2495,8894,5603,7953,818,781,37,1438,7954,1294,13635,2583,2152,431,2785,11667,9897,1770,21739,18220,177,3342,63967,25941,38026,12332,2874,9458,7223,7661,251529,143682,107847,558819,59334,27634,31700,499485,252090,247395,568974,18049,373,42743,1448,37452,2405,37226,3035,38280,1982,30739,1399,29435,972,24560,151,13964,27,16765,16305,42988,41944,37758,36056,38577,36915,38774,37309,31674,30409,32193,31313,27532,27407,18473,18377,251529,20385,231144
Dodge County,55027,027,88742,46750,41992,75929,50155,37022,54199,0.6831,4.65,3.86,10.67,71.32,23057,1699,1334,39091,19520,32,3.18,83.62,20854,24440,46.04,2037,2593,2426,1803,1222,612,566,1578,3069,3110,3345,3155,2976,3215,3409,1318,2394,1275,1337,2413,1011,906,980,1984,1979,2763,1650,734,544,523,1136,2295,2356,2557,2638,2443,2861,3509,1205,1878,964,1794,2370,1429,1232,1148,78439,2268,524,554,21,1311,5625,5941,77460,64592,305,80,89,264,245,485,742,836,14963,2691,4182,3276,4070,1156,328,201,30679,123,127,179,328,83,275,219,333,11067,2254,4051,4276,5237,1802,245,74960,15083,19020,17948,1072,279,18792,17992,800,263,537,73834,2422,1435,0,1435,1178,873,0,873,1578,1371,0,1371,3069,2470,0,2470,3110,2249,0,2249,6500,5049,30,5019,6191,5021,2,5019,3409,2675,0,2675,1318,995,0,995,2394,1449,0,1449,2612,1049,2413,363,2897,278,0,1215,943,272,0,970,816,154,0,971,867,104,0,1885,1767,118,0,1943,1894,49,0,4406,4276,130,0,4594,4517,77,0,2615,2575,40,0,855,839,16,0,1036,1026,10,752,2,467,0,115,0,36331.0,43681,51116,63603,71023,45897,62305,16668,49378,45294,6221,3583,2852,731,1347,379,788,180,892,245,22,432,193,399,202,197,2492,159,652,53,599,712,897,72,2775,1916,859,4847,381,2561,1905,8105,4719,1574,1812,7843,3066,1602,1464,627,210,267,150,2236,371,138,1400,327,1914,1224,690,4474,1451,270,100,170,1293,606,854,5408,1831,3577,332,201,56,75,2797,1842,153,802,45294,1383,1274,109,3505,7852,511,2619,1805,1584,221,262,570,430,140,1228,634,0,594,1650,756,894,1052,210,842,1024,979,502,475,27,410,3716,233,2669,628,589,39,150,1407,1154,253,1279,792,9,478,6575,1864,4711,1363,200,1163,947,975,35910,25612,10298,83953,7139,3238,3901,76814,39502,37312,84464,2618,36,6577,301,3224,385,4166,496,4980,374,5206,218,6564,226,4885,27,2755,0,2515,2437,6315,6037,2896,2806,4200,3846,5177,4916,5287,5081,6572,6408,5051,5050,3413,3413,35910,3831,32079
Door County,55029,029,30445,15038,15407,74795,49048,37391,49762,0.7514,3.8,3.85,7.79,78.23,7195,447,859,12868,6164,68,5.58,85.57,7015,7504,48.32,551,725,720,503,282,93,114,343,604,756,631,921,778,849,1184,499,806,482,1014,1394,868,555,366,612,634,595,462,373,84,65,432,697,628,775,735,686,857,1134,441,1005,601,922,1620,930,615,504,28122,70,277,138,0,237,1601,1266,27856,23857,50,0,13,54,13,21,92,202,3176,1021,1778,1247,2452,965,416,207,12150,82,1,13,55,5,13,102,146,2846,799,1734,1471,3250,1272,209,26608,2892,8205,7936,269,102,8171,8036,135,14,121,26236,611,325,1,324,207,172,1,171,343,317,0,317,604,597,62,535,756,727,0,727,1552,1433,4,1429,1627,1499,0,1499,1184,1000,0,1000,499,280,0,280,806,538,0,538,1496,483,1394,270,1789,139,0,305,283,22,0,120,88,32,2,396,381,15,6,618,574,44,0,546,540,6,0,1341,1333,8,0,1306,1302,4,0,805,803,2,0,298,298,0,0,580,562,18,394,0,345,1,112,0,33782.0,40663,50208,52188,67273,45295,60347,13722,55205,14519,2860,1440,1125,315,636,428,137,71,662,108,93,323,138,122,68,54,1000,3,109,21,88,365,439,84,717,449,268,1593,94,988,511,1334,727,292,315,3142,1409,1098,311,128,59,30,39,913,142,9,435,327,692,365,327,1381,297,33,15,18,345,468,238,1872,749,1123,69,18,39,12,551,417,18,116,14519,223,201,22,1146,1531,163,604,440,297,143,160,301,178,123,895,371,8,516,567,399,168,883,289,594,338,253,117,117,0,176,640,72,972,159,111,48,93,414,351,63,739,339,10,390,1844,622,1222,981,135,846,493,315,14986,11724,3262,30152,2309,1162,1147,27843,13756,14087,30177,607,1,1935,41,763,80,1104,78,1446,86,1545,80,2364,123,2888,0,1752,0,703,701,1787,1742,857,678,1227,1154,1505,1453,1543,1495,2564,2415,3104,3092,1994,1994,14986,1168,13818
Douglas County,55031,031,44229,22322,21907,75099,50467,38463,52683,0.7301,6.47,4.29,12.47,71.89,12316,970,619,18553,10075,84,2.83,83.12,10675,11388,48.38,1027,1222,1317,777,550,321,257,694,1384,1480,1401,1381,1297,1452,1503,621,1126,573,962,1437,773,463,304,1005,1083,1222,818,526,221,267,827,1304,1312,1525,1327,1183,1345,1498,830,981,576,941,1256,684,478,698,39928,375,621,331,0,203,2771,860,39695,32095,91,29,3,110,37,140,262,271,5634,1157,2238,2160,2940,631,317,137,15938,50,0,4,44,57,267,207,211,3931,1355,2170,2554,3492,1259,169,37353,6640,9240,8718,522,229,8791,8501,290,116,174,36845,1124,563,14,549,578,399,0,399,694,628,0,628,1384,1258,2,1256,1480,1391,23,1368,2782,2537,42,2495,2749,2370,0,2370,1503,1157,3,1154,621,420,0,420,1126,524,0,524,1535,407,1437,152,1540,104,0,444,384,60,0,414,404,10,0,770,713,57,3,1122,1122,0,0,1023,1012,11,10,2570,2562,8,6,2096,2079,17,0,934,880,54,0,584,544,40,0,383,375,8,325,0,182,5,93,0,31581.0,44519,50000,56714,68043,44454,66379,15422,50646,22063,3055,1565,1260,305,661,253,254,154,593,62,55,363,113,236,149,87,1766,121,400,173,227,557,575,113,1388,999,389,2161,62,1238,861,3018,1242,1062,714,4873,1756,1013,743,317,169,37,111,1579,332,169,945,133,1221,741,480,2157,742,73,32,41,788,149,405,2605,839,1766,192,71,85,36,848,396,105,347,22063,162,97,65,1420,1612,392,1655,1473,1211,262,112,302,156,146,773,385,0,388,1464,734,730,943,202,741,436,644,103,102,1,170,535,58,1339,361,237,124,147,763,655,108,692,405,16,271,4387,1370,3017,1166,107,1059,486,468,19160,13774,5386,42992,4625,1845,2780,38367,19833,18534,43551,1244,22,3239,46,1544,210,2243,332,2538,126,2597,113,3027,189,2944,11,1497,0,1183,1097,3217,3134,1782,1735,2380,2229,2837,2744,2521,2442,3305,3166,2757,2757,1647,1644,19160,2390,16770
Dunn County,55033,033,45527,23125,22402,74824,49168,31199,45493,0.6858,5.85,4.82,12.68,67.05,12666,1230,625,19105,10907,6,2.79,82.62,11532,12780,47.43,1103,1170,1421,844,1686,708,396,1290,1428,1404,1309,1355,1221,1291,1332,589,955,618,722,960,778,318,227,1030,1148,1319,741,1328,674,874,1201,1211,1172,1573,1042,1118,1225,1304,643,699,568,694,1020,885,532,401,41442,400,49,1405,7,424,1800,1124,41189,28594,90,7,9,74,11,147,174,553,5139,903,1987,1634,2411,983,121,264,14087,171,2,14,25,22,81,62,98,4469,991,1529,1949,2990,1296,138,38336,8080,9062,8644,418,148,8702,8418,284,94,190,37777,2204,1144,0,1144,1104,725,0,725,1290,1124,0,1124,1428,1317,0,1317,1404,1268,2,1266,2664,2452,4,2448,2512,2291,0,2291,1332,1112,0,1112,589,458,0,458,955,567,0,567,1340,558,960,236,1323,160,0,1165,1080,85,0,1258,1162,96,0,1051,1045,6,0,1050,1025,25,0,948,905,43,0,2183,2082,101,0,1906,1848,58,0,928,922,6,0,427,427,0,0,440,411,29,427,0,103,42,95,0,41404.0,43177,49244,61222,70489,37417,61188,12855,46714,24312,3428,1685,1317,368,807,306,387,114,696,90,62,346,198,240,172,68,1359,109,203,82,121,552,426,69,1486,903,583,2291,186,1168,937,4216,1902,934,1380,4246,1619,845,774,292,144,73,75,1525,238,70,1060,157,810,541,269,2756,894,47,15,32,869,407,539,3100,1004,2096,67,34,21,12,1363,623,162,578,24312,617,606,11,1460,3289,388,1743,1193,1028,165,144,287,167,120,779,425,58,296,1338,809,529,836,139,697,450,256,103,103,0,161,1310,161,1541,379,346,33,90,940,810,130,616,267,0,349,4437,1535,2902,985,147,838,499,310,17440,11693,5747,42376,4524,2043,2481,37852,19318,18534,45215,1346,18,3737,148,3310,270,2316,279,2387,261,2284,219,2659,201,2285,0,1257,0,1293,1267,3638,3535,3652,3558,2110,1876,2612,2531,2343,2213,2646,2488,2273,2273,1671,1670,17440,2212,15228
Eau Claire County,55035,035,107116,53059,54057,74546,51703,33808,49776,0.6792,6.7,5.1,11.09,61.04,30070,3060,1342,43531,26926,11,2.48,82.04,28245,30949,47.72,2863,2733,3407,1818,2105,1623,1143,3112,3773,3595,3855,3061,2773,2821,2840,1212,2145,1248,1469,2334,1600,637,892,2634,2895,2891,1966,2537,1564,1602,3301,3437,3264,3416,3071,2693,2718,2738,1280,2052,1290,1520,2838,1752,1244,1354,94156,1476,289,4427,138,1304,5326,3384,93442,68922,372,7,62,336,117,234,248,443,8708,1965,4487,4872,8409,2293,959,743,34667,122,49,0,248,58,112,198,209,9319,1613,4308,5498,8376,3591,407,89693,18153,21482,20654,828,264,20868,20004,864,289,575,88416,3398,1991,0,1991,2766,2335,0,2335,3112,2778,0,2778,3773,3645,0,3645,3595,3383,0,3383,6916,6538,11,6527,5594,5011,0,5011,2840,2274,0,2274,1212,923,0,923,2145,1450,0,1450,2717,844,2334,375,3129,334,0,2156,1953,203,0,2627,2573,54,23,2914,2768,146,0,3116,2997,119,0,2699,2644,55,0,5346,5316,30,0,4648,4407,241,0,2112,2098,14,0,904,885,19,0,1285,1285,0,768,1,368,3,183,0,36356.0,40543,45974,63414,75266,41001,62670,12418,49459,59194,11232,5124,3487,1637,3049,1532,1148,369,2035,491,132,971,441,1024,747,277,3581,365,562,247,315,1126,1210,318,5029,3070,1959,3300,480,1321,1499,7807,3138,2020,2649,12421,4164,2511,1653,944,472,189,283,4026,884,192,2452,498,3287,2109,1178,6349,2276,228,151,77,1860,569,1416,6918,2498,4420,296,69,16,211,2261,1142,240,879,59194,821,763,58,1842,5657,715,5620,2432,2003,429,550,1618,1326,292,3084,1925,12,1147,4064,1808,2256,2351,588,1763,1170,1025,122,118,4,112,2017,241,4268,867,602,265,422,2073,1838,235,1832,973,53,806,11364,3600,7764,2705,437,2268,1418,804,44726,27299,17427,103163,12171,5258,6913,90992,46368,44624,106453,3247,363,7848,431,6677,969,5627,957,6384,495,5289,291,5845,348,4946,41,3049,0,3064,2906,8593,8379,8324,7561,6078,5394,6467,6165,5411,5171,6066,5779,5575,5526,4068,4065,44726,4962,39764
Florence County,55037,037,4646,2365,2281,61086,44878,33182,52774,0.6288,3.93,3.36,13.29,90.85,1187,167,77,2013,813,0,3.38,85.12,890,1020,46.6,95,93,132,72,40,9,9,45,94,36,100,211,101,159,293,48,160,92,112,224,122,66,52,68,85,98,78,19,0,4,82,74,80,93,182,105,140,185,98,197,87,169,159,116,125,37,4411,12,74,0,0,6,143,21,4407,3717,1,0,0,52,16,23,38,49,732,104,224,201,314,94,22,0,1847,0,0,0,16,0,22,14,52,578,202,169,294,386,71,37,4075,570,1098,1074,24,0,1182,1153,29,16,13,4009,80,48,0,48,18,13,0,13,45,44,0,44,94,90,0,90,36,26,0,26,311,286,0,286,260,222,0,222,293,165,0,165,48,35,0,35,160,43,0,43,204,53,224,35,240,13,0,15,13,2,0,4,4,0,0,82,82,0,0,57,51,6,0,72,72,0,0,252,221,31,0,165,165,0,0,103,99,4,0,57,57,0,0,49,49,0,44,0,19,0,14,0,,41745,42958,59808,64375,42413,56594,14464,45500,1910,298,131,67,64,104,39,33,32,47,12,5,26,4,16,4,12,133,3,30,8,22,28,67,5,69,47,22,285,46,135,104,235,105,78,52,350,165,79,86,36,9,19,8,75,16,5,52,2,74,45,29,191,81,9,0,9,28,44,29,211,50,161,9,0,9,0,129,46,21,62,1910,115,100,15,173,205,30,67,114,98,16,16,28,21,7,75,22,0,53,59,33,26,39,12,27,26,73,9,9,0,33,104,5,88,14,12,2,18,115,95,20,87,73,0,14,275,65,210,23,4,19,54,65,2197,1996,201,4578,334,154,180,4244,2167,2077,4592,102,0,271,33,114,9,78,13,266,42,233,27,409,76,428,0,220,0,69,69,275,273,100,100,143,140,275,235,245,242,480,470,415,408,269,269,2197,292,1905
Fond du Lac County,55039,039,104137,51843,52294,74275,50900,36864,54444,0.6771,5.43,3.81,9.47,70.71,27478,2174,1467,42042,23203,5,2.81,81.09,24666,28218,46.64,2763,2641,3638,2290,1262,588,789,1914,3137,2822,3376,3250,3119,3323,3791,1516,2227,1352,1748,2852,1810,825,810,2511,2701,3488,1967,1276,597,855,1592,3057,3037,3091,3377,3001,3088,3493,1516,2430,1251,2387,2584,2219,1336,1440,91257,1770,444,1976,0,1903,6787,7129,89538,73265,320,51,141,327,362,409,729,610,14418,2589,4412,4623,4983,1375,361,248,37307,318,42,21,191,171,362,447,571,13657,2404,4809,4934,6182,2571,398,86395,13967,23100,21810,1290,574,22347,21268,1079,303,776,84957,2793,1479,0,1479,1377,1168,0,1168,1914,1661,0,1661,3137,2790,2,2788,2822,2545,0,2545,6626,6200,0,6200,6442,5847,3,5844,3791,3239,0,3239,1516,1176,0,1176,2227,1221,0,1221,3100,954,2852,629,3445,190,0,1525,1397,128,0,974,958,16,0,1387,1373,14,0,2474,2363,111,0,2466,2363,103,4,5308,5126,182,0,4929,4799,130,0,2592,2526,66,0,922,911,11,0,1412,1387,25,762,60,358,8,343,0,40813.0,43514,51069,62707,71843,45656,63878,13801,49611,52884,6890,3525,2759,766,1842,692,950,200,982,163,55,460,304,541,389,152,3514,232,1149,374,775,849,1081,203,3002,1985,1017,5573,433,3010,2130,9239,5448,1938,1853,9553,3141,1954,1187,609,251,113,245,3206,645,129,1972,460,2597,1587,1010,4967,1375,229,96,133,1781,580,1002,6636,1924,4712,364,143,57,164,3146,1986,281,879,52884,1363,1273,90,4016,8852,531,2695,2008,1503,505,411,784,612,172,1908,863,3,1042,1845,851,994,1367,353,1014,1215,1223,456,452,4,642,3754,300,2791,501,457,44,352,1696,1498,198,1454,918,23,513,8448,2678,5770,2101,301,1800,1241,930,43243,30579,12664,100827,9313,3841,5472,91514,47012,44502,102457,3223,100,8444,268,4239,405,4425,682,6129,452,6063,363,7245,272,5906,0,3346,1,3026,2941,8289,8126,4279,4041,5150,4773,6199,5898,5912,5734,7298,7032,6078,6061,4663,4663,43243,4095,39148
Forest County,55041,041,9369,4801,4568,61071,42579,34899,43125,0.8093,8.2,7.03,14.95,81.98,2206,311,94,3920,1602,2,2.06,81.65,1696,2035,45.46,268,317,212,169,122,52,49,139,222,205,218,284,236,314,369,192,249,140,231,375,174,155,109,238,220,258,122,57,34,48,119,240,251,214,234,243,292,339,177,290,181,234,316,199,104,158,7314,39,1061,8,10,184,753,206,7283,6945,47,3,5,39,50,54,116,75,1391,344,520,331,371,119,6,2,3472,32,0,3,8,49,72,83,40,1141,284,651,486,469,147,7,7856,1138,2129,2046,83,18,2086,2000,86,38,48,7724,207,79,0,79,101,90,0,90,139,91,0,91,222,174,0,174,205,190,0,190,502,406,2,404,550,430,0,430,369,238,0,238,192,132,0,132,249,112,0,112,371,64,375,31,438,46,0,58,53,5,0,42,42,0,0,86,81,5,0,159,143,16,0,208,206,2,0,317,298,19,0,370,358,12,0,211,207,4,0,87,87,0,0,129,127,2,66,0,9,0,19,0,39125.0,34519,44003,50795,62159,40130,51884,19355,46833,3731,564,274,240,34,118,40,57,21,150,23,0,57,70,22,2,20,289,1,73,53,20,59,139,17,177,132,45,485,93,289,103,520,255,150,115,656,212,155,57,20,20,0,0,288,93,4,176,15,136,109,27,379,110,72,56,16,107,54,36,514,148,366,7,1,6,0,140,72,46,22,3731,218,216,2,317,369,34,208,127,107,20,20,30,23,7,114,51,0,63,171,140,31,226,146,80,78,123,26,26,0,18,79,14,140,41,36,5,22,155,98,57,110,85,0,25,590,230,360,215,105,110,42,244,4006,3284,722,9192,1400,646,754,7792,4063,3729,9212,296,27,675,31,321,42,278,73,412,64,495,54,732,78,738,2,403,0,264,244,618,589,258,181,444,397,447,415,535,481,806,732,719,718,400,400,4006,599,3407
Grant County,55043,043,51770,26851,24919,66858,46559,33170,40262,0.8239,6.62,6.37,10.63,69.81,12670,1598,841,21830,11136,5,3.37,81.3,11975,13852,46.37,1496,1498,1585,1020,1528,974,694,1539,1701,1555,1289,1643,1317,1342,1357,736,1170,696,863,1216,749,484,399,1439,1383,1505,1016,1042,693,371,1288,1337,1307,1088,1506,1184,1287,1594,626,1069,489,1034,1292,945,705,719,48488,853,80,368,21,484,1476,1332,48129,32699,88,4,28,445,88,196,207,292,6478,1194,2078,2130,2101,848,187,153,16182,152,3,1,346,20,118,62,90,4956,1063,1881,2412,2978,1657,244,42864,9457,10804,10244,560,139,10297,10010,287,91,196,42075,2106,1011,1,1010,1668,1137,0,1137,1539,1105,0,1105,1701,1508,0,1508,1555,1312,0,1312,2932,2521,1,2520,2659,2306,3,2303,1357,1153,0,1153,736,533,0,533,1170,772,0,772,1559,662,1216,241,1632,105,0,913,888,25,0,850,825,25,2,1049,974,75,0,991,948,43,0,1087,1069,18,0,2252,2223,29,0,2088,2068,20,0,1168,1143,25,0,418,415,3,0,589,583,6,515,0,185,45,139,3,40000.0,39510,43054,56130,72903,36330,54679,11793,47907,25827,4219,2451,2082,369,796,341,354,101,730,151,19,379,181,242,163,79,1589,88,312,70,242,597,451,141,1543,990,553,2734,552,1207,975,3767,1892,834,1041,4650,1669,1052,617,279,86,63,130,1676,193,59,1329,95,1026,701,325,2659,895,83,58,25,1002,303,376,3152,1273,1879,246,151,56,39,1268,740,118,410,25827,1567,1541,26,1755,2911,263,1761,851,691,160,68,433,300,133,705,356,3,346,1472,984,488,994,131,863,543,529,341,332,9,171,1031,164,2036,208,191,17,189,805,664,141,618,411,2,205,4486,1897,2589,1058,149,909,469,399,19960,13935,6025,48068,6242,3062,3180,41826,21382,20444,50738,1560,303,4018,440,3897,424,2161,524,2545,260,2415,137,2967,253,2704,15,1539,1,1656,1351,4288,3947,3068,2664,2356,2125,2575,2434,2458,2316,3258,3131,2773,2762,2143,2138,19960,2122,17838
Green County,55045,045,37017,18686,18331,82852,51363,39625,55673,0.7117,4.86,2.86,8.22,75.87,9889,714,616,15124,8606,4,3.36,80.94,9222,10228,47.41,951,996,1307,797,369,251,208,471,962,1078,1219,1066,1146,1319,1370,697,805,498,730,1105,559,371,411,902,1085,1106,810,347,141,148,499,1018,1037,1224,1000,1123,1167,1321,664,779,579,608,1113,526,540,594,34484,385,30,264,0,412,1442,1567,34049,26629,125,0,85,74,71,217,104,285,4910,866,1719,1669,2209,672,189,141,13293,224,0,0,57,24,67,136,157,4017,1011,1780,1662,2857,918,218,30670,4567,8730,8287,443,142,8041,7573,468,100,368,30192,858,464,0,464,459,386,0,386,471,386,0,386,962,935,0,935,1078,1019,0,1019,2285,2144,0,2144,2465,2249,4,2245,1370,1068,0,1068,697,549,0,549,805,518,0,518,1228,458,1105,281,1341,151,0,597,576,21,0,239,223,16,0,423,392,31,0,835,781,54,0,878,859,19,0,1912,1859,53,0,1903,1840,63,0,1099,1017,82,0,499,497,2,0,565,562,3,317,0,221,8,78,4,35337.0,45855,48656,65135,73232,47565,67531,15324,50964,19450,3256,1808,1441,367,838,380,301,157,416,111,30,155,120,194,148,46,772,13,181,90,91,136,363,79,1224,741,483,2326,318,1252,756,2650,1455,648,547,4288,1400,802,598,379,161,99,119,1355,209,47,938,161,1154,815,339,1379,456,17,14,3,372,256,278,2538,832,1706,287,147,91,49,730,512,43,175,19450,632,623,9,1596,2834,307,1057,623,560,63,187,333,226,107,876,601,0,275,771,350,421,285,89,196,456,271,205,202,3,220,995,71,1496,157,124,33,137,525,468,57,685,455,17,213,3309,1064,2245,525,107,418,399,498,15775,11968,3807,36533,2818,1044,1774,33715,17392,16323,36732,1163,56,2929,81,1133,111,1742,167,2131,146,2260,198,2769,92,2329,2,1286,0,1124,1036,2935,2883,1129,1048,1903,1766,2224,2143,2290,2260,2752,2672,2274,2271,1506,1505,15775,1296,14479
Green Lake County,55047,047,19263,9631,9632,68196,48526,33964,50417,0.6737,8.22,5.56,11.66,74.47,4436,588,458,7837,3545,4,4.75,81.37,4003,4852,45.21,472,525,639,406,280,103,92,320,494,448,488,575,541,591,635,344,541,317,333,701,414,197,175,561,555,605,412,176,77,121,240,420,459,546,487,491,574,662,316,540,339,373,612,358,325,383,17641,135,79,219,14,427,748,1079,17439,13679,45,0,1,154,77,100,109,193,2755,451,1004,558,875,267,171,34,6885,31,7,8,134,41,31,142,101,2302,488,1051,772,1167,465,88,15906,2502,4405,4258,147,54,4205,4048,157,78,79,15596,528,262,0,262,195,160,0,160,320,267,0,267,494,440,0,440,448,367,0,367,1063,905,4,901,1132,1014,0,1014,635,506,0,506,344,243,0,243,541,337,0,337,650,237,701,146,786,77,0,226,207,19,0,171,168,3,0,162,144,18,0,295,280,15,0,376,369,7,0,819,791,28,0,779,758,21,0,468,442,26,0,190,190,0,0,196,196,0,263,9,157,0,38,0,44318.0,43120,49426,52257,69010,44400,61660,16774,52594,8855,1025,611,512,99,188,95,88,5,180,26,29,91,34,46,44,2,648,19,204,33,171,187,207,31,480,302,178,1254,112,665,477,1445,848,278,319,1610,529,371,158,155,81,65,9,551,81,20,382,68,375,203,172,729,229,38,6,32,240,146,76,1086,488,598,76,59,6,11,502,384,22,96,8855,304,278,26,817,1399,104,411,317,240,77,46,143,114,29,270,158,4,108,306,146,160,295,65,230,209,231,100,96,4,58,643,65,580,71,71,0,36,204,176,28,317,186,5,126,1268,423,845,366,130,236,121,174,8285,6170,2115,18965,2612,1054,1558,16353,8450,7903,19100,501,100,1421,173,612,85,645,200,891,163,1034,97,1475,43,1332,5,775,0,659,581,1581,1389,622,432,757,656,1030,931,1065,1008,1514,1409,1324,1301,996,994,8285,966,7319
Iowa County,55049,049,23867,12195,11672,82182,52185,41484,53078,0.7816,3.61,3.99,9.47,77.37,6440,505,491,9804,5573,11,4.21,80.39,6061,6639,47.72,640,626,940,489,238,77,228,279,631,709,750,737,708,873,824,539,495,303,520,756,413,273,147,624,696,662,475,210,110,138,315,547,716,578,840,665,752,918,303,646,321,506,704,355,263,328,22162,181,21,209,0,242,1052,545,22051,17120,123,3,1,23,31,67,54,161,3079,813,1117,1004,1461,496,180,65,8442,43,7,0,57,49,60,75,60,2445,656,1029,1295,1835,651,132,19679,3116,5515,5336,179,69,5468,5227,241,62,179,19320,542,314,0,314,305,226,3,223,279,251,0,251,631,587,0,587,709,668,0,668,1487,1391,0,1391,1581,1481,8,1473,824,690,0,690,539,424,0,424,495,324,0,324,823,310,756,185,833,88,0,297,277,20,0,234,178,56,0,270,267,3,0,487,473,14,0,590,590,0,0,1253,1235,18,3,1199,1197,2,0,785,783,2,0,187,185,2,0,388,388,0,321,3,118,0,49,0,44708.0,45467,49039,64018,70700,47317,64013,18951,52509,12700,2015,1119,904,215,491,247,164,80,295,57,39,165,34,110,83,27,749,29,122,15,107,194,376,28,805,555,250,1712,275,1013,424,1358,680,424,254,2588,891,569,322,280,167,32,81,707,91,34,437,145,710,499,211,1066,405,18,13,5,254,79,310,1722,559,1163,107,43,9,55,578,390,32,156,12700,805,732,73,1072,1126,249,838,481,399,82,39,221,72,149,536,376,2,158,528,259,269,246,64,182,269,229,144,144,0,100,674,69,1005,132,124,8,104,401,357,44,582,449,7,126,2100,579,1521,306,47,259,260,184,10118,7828,2290,23560,1789,939,850,21771,11138,10633,23730,752,22,1988,47,735,26,1085,187,1347,135,1520,53,1752,104,1571,0,812,0,749,719,1844,1807,736,704,1162,1145,1414,1389,1414,1370,1867,1832,1523,1514,885,883,10118,958,9160
Iron County,55051,051,6210,3161,3049,60625,43507,34099,47694,0.715,5.6,4.86,12.13,88.52,1482,236,152,2713,1144,8,4.99,85.83,1296,1432,47.51,120,136,129,110,51,15,13,60,128,127,123,164,187,195,215,116,233,163,204,264,199,139,70,105,124,137,102,37,8,25,59,125,138,161,138,162,176,208,119,213,118,175,261,181,163,114,5800,3,14,30,0,35,328,100,5770,4979,11,0,0,2,2,33,45,37,820,244,353,362,462,117,25,14,2452,21,0,0,13,2,5,28,41,751,182,308,426,485,147,27,5459,622,1598,1524,74,33,1529,1474,55,34,21,5339,98,60,0,60,28,25,0,25,60,54,0,54,128,125,8,117,127,121,0,121,287,261,0,261,382,335,0,335,215,162,0,162,116,88,0,88,233,101,0,101,367,99,264,30,408,19,0,47,42,5,0,4,4,0,0,33,33,0,0,102,102,0,0,122,117,5,0,274,269,5,0,291,291,0,0,136,128,8,0,72,69,3,0,89,89,0,86,5,32,0,34,0,23750.0,35697,43969,55160,66667,39754,57031,17344,46050,2728,364,144,132,12,111,22,41,48,106,17,2,80,7,3,2,1,169,4,49,12,37,55,59,2,198,160,38,378,41,214,123,323,139,111,73,569,137,103,34,30,3,4,23,188,23,16,138,11,214,159,55,259,99,0,0,0,62,35,63,331,108,223,8,0,3,5,129,83,17,29,2728,109,101,8,241,227,74,177,114,103,11,14,30,17,13,110,47,0,63,108,71,37,86,29,57,51,91,4,4,0,25,149,7,139,20,20,0,16,72,68,4,60,42,0,18,569,201,368,102,29,73,51,82,3109,2752,357,6071,635,295,340,5436,2831,2605,6111,129,2,376,24,56,62,188,41,277,5,310,71,507,57,622,0,393,1,148,126,333,313,119,116,260,253,299,283,334,318,536,512,537,534,424,424,3109,377,2732
Jackson County,55053,053,20981,11251,9730,68110,42460,33479,43356,0.7722,7.1,5.26,15.29,80.14,4841,564,249,9276,4180,16,2.56,82.45,4424,4915,47.37,579,693,597,419,216,90,137,401,710,800,788,575,705,739,717,383,548,363,392,587,426,213,173,515,714,512,389,209,58,128,216,513,513,499,631,529,632,740,373,421,290,422,486,443,213,284,18036,448,1000,103,11,301,1082,781,17893,15108,56,5,22,104,61,124,206,189,3889,574,1177,794,637,194,33,54,6989,71,8,8,51,20,87,86,90,2653,636,865,931,912,499,30,17371,3177,4617,4368,249,91,4287,4087,200,72,128,17165,529,266,0,266,227,185,0,185,401,286,9,277,710,520,0,520,800,534,0,534,1363,1013,6,1007,1444,1109,1,1108,717,513,0,513,383,217,0,217,548,262,0,262,755,180,587,71,812,102,0,270,243,27,0,161,159,2,0,171,169,2,0,421,401,20,0,411,398,13,4,895,870,25,0,928,899,29,1,578,571,7,0,233,225,8,0,248,245,3,173,0,53,0,18,0,37564.0,36616,45032,53636,73723,39390,53692,15702,46538,9339,1090,650,572,78,182,67,76,39,195,38,7,75,75,63,33,30,641,24,207,63,144,166,177,67,539,382,157,1119,166,521,432,1526,718,516,292,1617,481,330,151,109,37,29,43,590,107,25,383,75,437,281,156,1118,339,33,15,18,395,205,146,1187,342,845,123,88,8,27,379,207,54,118,9339,628,455,173,687,949,62,509,617,491,126,38,40,31,9,251,75,0,176,248,131,117,402,182,220,178,306,170,161,9,82,339,50,575,99,78,21,73,190,174,16,226,126,0,100,1604,511,1093,414,112,302,222,380,8274,6631,1643,19805,2448,1041,1407,17357,9134,8223,19850,623,48,1602,120,640,118,928,175,1035,66,1103,134,1461,71,1283,7,796,0,653,581,1603,1526,579,490,931,864,1108,995,1158,1058,1517,1434,1181,1181,910,910,8274,1265,7009
Jefferson County,55055,055,86003,42998,43005,83750,52022,37870,53249,0.7112,4.54,3.57,9.21,73.13,23893,2053,1231,35469,20619,44,2.86,82.49,21850,25032,46.61,2061,2435,2498,1719,1746,857,378,1620,2302,2476,2769,2671,2721,2887,3157,1241,1945,1246,1263,2277,1371,933,425,2005,2260,2290,1703,1774,717,701,1096,2583,2370,2843,2586,2615,2812,2961,1521,1750,1014,1525,2371,1643,1040,825,76167,809,362,561,70,2424,5610,7309,74788,60143,391,22,238,342,132,179,377,496,10894,2330,3892,2898,5107,1710,366,310,30459,481,8,132,270,219,204,303,448,9156,1930,4125,3507,6729,2350,418,72454,12577,18881,17829,1052,207,18028,17528,500,258,242,71203,2930,1799,0,1799,1235,1129,0,1129,1620,1419,0,1419,2302,2156,0,2156,2476,2333,6,2327,5440,5204,38,5166,5608,5189,0,5189,3157,2924,0,2924,1241,1037,0,1037,1945,1166,0,1166,2509,982,2277,589,2729,344,0,1723,1518,205,0,1137,1070,67,0,987,951,36,0,2204,2098,106,0,1926,1918,8,0,4422,4388,34,0,4402,4369,33,0,2358,2326,32,0,1015,1015,0,0,966,966,0,662,4,355,5,214,2,41328.0,43266,51429,63006,75172,45508,62877,12350,50903,46882,7244,3593,2753,840,1988,869,842,277,1346,145,95,798,308,317,250,67,3510,165,472,181,291,1380,1364,129,3074,1863,1211,4507,211,2578,1718,6697,3617,1368,1712,9069,3469,2101,1368,755,282,183,290,3092,448,150,2184,310,1753,1247,506,4332,1435,72,42,30,1400,570,855,5381,1624,3757,163,73,62,28,2905,1768,140,997,46882,780,726,54,3187,6464,874,2855,1455,1182,273,331,914,646,268,2022,1085,0,937,2233,1243,990,1889,655,1234,1262,766,203,193,10,245,3230,324,2557,523,417,106,484,1197,1084,113,1648,1055,1,592,8121,3008,5113,1576,205,1371,1010,732,34873,25502,9371,83170,6747,2970,3777,76423,38585,37838,85635,2672,43,6595,317,3816,421,3786,380,4861,518,5105,465,6064,269,4753,0,2674,0,2395,2321,6857,6680,3599,3415,4647,4176,5429,5088,5410,5125,6215,6089,4895,4891,3449,3449,34873,3213,31660
Juneau County,55057,057,26689,14384,12305,67270,45781,34530,48734,0.7085,5.85,7.16,14.92,78.13,6366,834,538,12029,5196,146,4.37,83.63,5718,6235,47.84,627,666,883,509,274,186,130,414,834,895,850,990,911,983,1052,531,778,454,609,760,479,246,323,624,642,744,456,210,113,110,309,655,615,624,730,710,818,830,498,666,407,560,757,572,350,305,23481,605,196,158,0,389,1860,788,23322,19792,53,5,19,164,107,235,329,340,4543,915,1453,1119,1024,303,69,17,9097,71,7,4,28,48,130,109,276,3333,781,1081,1304,1272,486,150,22503,4272,5733,5315,418,124,5677,5362,315,39,276,22175,604,330,19,311,316,260,19,241,414,365,19,346,834,629,6,623,895,556,7,549,1840,1346,46,1300,1894,1253,30,1223,1052,667,0,667,531,248,0,248,778,437,0,437,1063,300,760,192,1048,111,3,233,227,6,6,192,186,6,4,264,256,8,0,489,476,13,1,468,455,13,2,1155,1113,42,0,1257,1214,43,0,612,606,6,0,370,360,10,0,308,303,5,306,0,172,3,44,1,32457.0,42546,45893,49048,71823,41913,62227,14701,47930,11953,1421,872,735,137,266,130,108,28,147,29,4,92,22,136,60,76,1016,86,355,37,318,188,348,39,610,320,290,1198,104,520,574,1990,1058,513,419,2054,606,404,202,74,15,5,54,751,191,27,504,29,623,346,277,1312,470,94,11,83,384,138,226,1545,427,1118,72,31,19,22,735,492,67,176,11953,398,333,65,685,1427,205,556,629,530,99,42,143,17,126,393,193,0,200,457,126,331,444,185,259,242,614,54,52,2,56,708,121,726,209,199,10,61,300,215,85,183,117,0,66,2175,681,1494,475,78,397,295,355,10955,8559,2396,25320,3294,1812,1482,22026,11404,10622,25340,819,7,1937,71,791,79,1270,76,1357,216,1465,146,1817,317,1771,27,1005,0,751,724,1855,1813,690,630,1162,1051,1352,1308,1528,1475,1990,1902,1713,1712,1128,1128,10955,1635,9320
Kenosha County,55059,059,168438,83494,84944,81239,54672,39932,55213,0.7232,5.97,4.53,12.19,66.71,48358,4814,2349,67244,39795,182,2.77,80.54,42132,44927,48.39,4458,5209,5559,3490,2561,1126,1004,3487,5555,5582,5056,5409,5031,5740,6007,2237,3821,1989,2890,3094,1897,1236,1056,4370,4642,5380,3486,2331,992,836,3967,5419,5370,5468,5342,5166,5528,6074,2056,4015,2088,2600,3858,2665,1836,1455,126687,10300,663,3108,12,6330,21338,25582,120437,115540,748,159,638,298,246,627,806,1538,17078,4669,7653,5531,10849,3990,1013,757,58940,773,197,451,292,257,469,537,1209,14901,5166,8419,6887,12694,5414,752,138820,25422,34014,32409,1605,588,34544,32815,1729,608,1121,136479,5027,2436,0,2436,2130,1775,0,1775,3487,3013,10,3003,5555,4857,24,4833,5582,5132,16,5116,10465,9507,82,9425,10771,9818,50,9768,6007,4746,0,4746,2237,1641,0,1641,3821,2072,0,2072,4879,1941,3094,483,4189,344,0,2534,2264,270,0,1340,1334,6,0,3165,3062,103,0,4476,4363,113,12,4390,4170,220,0,8558,8253,305,0,8884,8740,144,0,4430,4339,91,0,1238,1231,7,0,2083,2039,44,1577,28,574,20,186,9,42314.0,45137,49648,66243,84379,47559,67571,16227,53555,87059,15696,7712,5834,1878,4190,1925,1631,634,2928,418,513,1384,613,866,535,331,5686,303,1352,742,610,1848,1762,421,6172,3993,2179,6488,483,3559,2446,10885,4395,2988,3502,18091,6491,3893,2598,1607,666,418,523,5969,1050,313,3863,743,4024,3048,976,7945,2213,296,136,160,2545,658,2233,11100,3888,7212,307,157,57,93,4689,2127,550,2012,87059,908,858,50,4762,9734,2406,6042,3992,3434,558,553,1663,1164,499,4098,2316,92,1690,4196,2472,1724,3358,742,2616,1364,1851,188,188,0,387,5936,1022,5637,1782,1655,127,358,2306,1866,440,3003,2045,124,834,14821,5527,9294,3217,455,2762,2055,1420,68904,45963,22941,164672,17282,7455,9827,147390,74145,73245,167039,5034,265,14323,480,7586,460,8529,1052,8554,1696,9705,974,11323,632,7782,66,4044,16,5379,5046,13611,13117,8181,7709,9576,9000,10791,9890,10682,10226,12119,11533,8508,8407,5671,5653,68904,8401,60503
Kewaunee County,55061,061,20664,10549,10115,82725,50386,36634,54008,0.6783,4.31,3.26,5.19,86.49,5114,326,328,8621,4591,9,3.24,81.72,4919,5703,46.31,555,566,650,452,234,94,94,355,545,580,717,564,632,651,779,343,529,298,498,573,454,189,197,520,526,637,402,226,135,113,281,482,537,589,559,581,626,732,228,568,222,348,710,444,361,288,19138,84,58,160,0,347,877,847,19010,14824,56,21,8,33,23,91,69,155,3191,478,949,1153,840,297,98,87,7275,23,2,14,63,12,62,34,156,2472,456,831,1224,1326,503,46,17210,2569,5213,5071,142,19,4891,4786,105,34,71,16894,529,347,0,347,188,153,0,153,355,302,7,295,545,504,0,504,580,502,0,502,1281,1195,2,1193,1283,1192,0,1192,779,539,0,539,343,281,0,281,529,320,0,320,796,234,573,156,840,75,0,316,303,13,0,193,193,0,0,212,197,15,0,379,379,0,0,432,416,16,0,1005,995,10,0,1057,1052,5,0,566,554,12,0,164,164,0,0,338,338,0,209,0,69,2,50,0,30000.0,45846,48693,64135,73850,45410,61107,16853,49437,10622,1463,732,641,91,272,91,158,23,344,100,36,122,86,115,60,55,476,36,109,33,76,105,203,23,509,368,141,1499,228,722,549,1756,930,475,351,1991,682,391,291,104,58,11,35,686,86,4,460,136,519,320,199,1154,457,24,16,8,331,158,184,1261,321,940,119,59,4,56,394,174,54,166,10622,529,501,28,832,1597,187,458,543,442,101,29,109,99,10,331,167,0,164,479,160,319,155,46,109,308,146,120,120,0,64,567,44,464,155,129,26,34,388,350,38,366,226,0,140,1939,656,1283,339,63,276,280,159,8357,7228,1129,20523,1553,669,884,18970,9799,9171,20561,680,12,1652,45,663,37,981,44,1217,58,1208,72,1532,115,1359,1,808,13,605,590,1652,1634,673,627,929,851,1148,1095,1207,1088,1525,1453,1275,1275,1050,1050,8357,434,7923
La Crosse County,55063,063,120488,59265,61223,73013,51794,35902,48867,0.7347,7.04,5.35,9.28,62.16,34812,2709,1602,48804,30343,156,2.62,82.35,31870,32406,49.58,2871,2919,3782,2395,2206,1600,1336,3173,4109,3923,3667,3760,3157,3324,3545,1311,2250,1585,1541,3066,1950,966,829,2796,3609,3118,1840,2881,2563,1436,3143,3718,3603,3214,3684,3072,3341,3478,1791,2089,1409,2401,2893,2016,1020,2108,106232,1819,426,5423,26,1433,5129,3269,105302,78820,238,62,69,197,56,63,568,421,9837,2972,6261,5512,7423,3131,1328,845,39837,267,80,25,148,51,52,123,321,8497,2451,6264,5551,10073,4688,623,101393,20710,23509,22488,1021,468,23133,22210,923,485,438,99949,3712,1888,0,1888,2936,1908,0,1908,3173,2736,0,2736,4109,3533,0,3533,3923,3656,56,3600,7427,6917,74,6843,6481,5954,26,5928,3545,2892,0,2892,1311,1092,0,1092,2250,1398,0,1398,3126,1021,3066,523,3745,332,0,2222,2088,134,0,3012,2856,156,68,2858,2779,79,7,3255,3144,111,0,3050,3025,25,0,6102,6002,100,0,5567,5476,91,0,2764,2665,99,0,1238,1238,0,0,1071,1070,1,956,0,339,0,232,1,33194.0,40210,47463,61851,76145,42048,61844,11485,49626,64276,11428,4780,2932,1848,3133,1883,951,299,2094,309,87,1270,428,1421,1036,385,4056,217,606,310,296,1558,1365,310,4657,2834,1823,4477,230,1972,2275,7788,3341,2340,2107,14654,4828,2668,2160,946,573,167,206,4864,915,236,3014,699,4016,3193,823,6377,2213,297,251,46,2260,696,911,7994,2764,5230,160,55,70,35,2685,1424,302,959,64276,502,498,4,3361,5826,1386,4882,2354,1870,484,576,1758,1416,342,2520,1343,0,1177,4778,1943,2835,2272,469,1803,1131,1060,148,140,8,413,2226,420,4288,646,532,114,351,1880,1576,304,2079,1429,21,629,13624,4255,9369,2876,371,2505,1551,1368,51497,32012,19485,115966,14365,6203,8162,101601,51030,50571,119467,3342,141,9080,247,7727,524,6269,838,6717,576,6081,354,6683,417,6134,4,3618,0,3583,3385,9080,8923,9420,8800,6503,6088,6885,6682,6413,6181,7346,7061,6616,6616,4869,4869,51497,4781,46716
Lafayette County,55065,065,16942,8620,8322,76462,50738,38239,52571,0.7274,6.98,4.9,8.69,80.16,3929,559,333,6637,3508,0,4.0,77.0,3841,4516,45.96,652,645,551,385,194,54,83,319,452,460,505,454,460,516,568,244,401,262,372,439,259,182,163,558,635,483,372,183,54,197,167,476,424,447,470,424,475,533,273,378,234,317,424,247,288,263,15422,62,20,123,0,345,970,1200,15201,11410,73,14,48,118,48,50,86,117,2376,402,754,586,751,248,46,20,5673,65,30,49,107,18,13,78,53,1853,385,624,880,1069,375,50,13418,2123,3691,3598,93,23,3791,3609,182,125,57,13172,444,182,0,182,137,116,0,116,319,262,0,262,452,413,0,413,460,435,0,435,959,861,0,861,976,895,0,895,568,502,0,502,244,191,0,191,401,272,0,272,634,242,439,172,604,69,0,260,241,19,0,205,205,0,0,149,145,4,0,400,324,76,0,351,329,22,0,749,742,7,0,752,738,14,0,404,404,0,0,181,181,0,0,199,199,0,186,0,96,12,51,0,49141.0,42679,50877,58378,68750,46064,61568,15703,49720,8357,1347,948,864,84,200,64,105,31,164,35,10,101,18,35,31,4,253,15,56,16,40,77,91,14,410,297,113,1266,212,655,399,1240,696,332,212,1555,606,367,239,106,57,11,38,452,61,16,331,44,391,267,124,736,311,12,0,12,234,65,114,1051,392,659,128,94,6,28,371,224,21,126,8357,859,846,13,763,1032,112,398,298,242,56,24,105,50,55,198,103,0,95,257,189,68,120,34,86,231,119,164,164,0,53,464,84,564,99,85,14,13,285,255,30,201,136,0,65,1390,468,922,189,9,180,139,196,6763,5421,1342,16842,2002,826,1176,14840,7732,7108,16884,579,150,1353,230,524,119,697,137,836,118,873,100,1127,85,1056,2,597,0,650,521,1507,1309,538,423,854,710,917,831,894,831,1183,1134,971,962,787,754,6763,588,6175
Langlade County,55067,067,19490,9923,9567,55878,43982,37703,41563,0.9071,7.55,5.95,13.41,76.89,4673,444,366,8234,3750,0,3.83,82.98,4088,4790,46.05,546,400,650,351,201,92,73,334,474,441,700,380,488,656,789,360,571,368,496,648,462,188,255,450,436,553,346,193,34,80,296,449,440,419,574,521,547,796,416,444,354,378,714,441,228,458,17893,93,143,31,0,61,1269,493,17831,14455,119,2,35,109,39,176,76,186,3262,506,1008,728,772,190,48,20,7179,20,2,4,116,72,108,86,148,2634,450,1062,1052,963,421,13,16455,2573,4594,4400,194,30,4471,4246,225,139,86,16177,459,267,0,267,165,153,0,153,334,319,0,319,474,367,0,367,441,427,0,427,1080,956,0,956,1144,983,0,983,789,557,0,557,360,267,0,267,571,259,0,259,864,246,648,101,905,50,0,243,230,13,0,111,109,2,28,224,221,3,0,303,268,35,0,327,327,0,0,749,701,48,0,873,820,53,0,605,600,5,0,233,233,0,0,241,241,0,223,0,91,0,24,0,42303.0,36235,47962,68000,64583,39838,53727,14792,48288,8878,1038,701,554,147,175,22,87,66,84,22,2,43,17,78,46,32,541,25,82,29,53,218,198,18,620,444,176,1143,124,620,399,1448,725,343,380,1544,720,421,299,123,49,15,59,330,47,5,239,39,371,276,95,697,229,29,16,13,159,89,191,1252,490,762,69,50,11,8,526,385,44,97,8878,324,324,0,772,1187,144,681,409,369,40,77,89,63,26,313,161,0,152,260,60,200,291,158,133,120,123,132,130,2,56,575,11,635,112,108,4,148,288,273,15,172,107,0,65,1306,395,911,328,90,238,223,102,8881,6829,2052,19142,2583,1138,1445,16559,8598,7961,19247,532,59,1471,10,617,49,682,107,944,120,1027,104,1656,64,1503,4,847,0,534,503,1365,1323,541,517,805,624,992,919,1068,1032,1656,1581,1438,1436,1052,1049,8881,1191,7690
Lincoln County,55069,069,28426,14411,14015,68164,48021,38284,50319,0.7608,6.72,3.86,13.11,79.53,7596,769,352,12177,6005,0,2.51,84.5,6345,7252,46.66,702,684,685,496,251,72,258,357,757,750,814,829,851,1016,1258,510,885,468,847,739,626,284,272,678,638,737,445,210,85,165,326,713,767,723,763,795,972,1299,429,785,430,720,846,584,347,558,26638,136,36,123,8,260,1225,647,26444,21637,135,2,16,148,54,98,170,303,4652,936,1192,1308,1292,403,104,93,10731,73,32,1,133,145,60,92,178,3938,804,1407,1521,1562,696,51,24302,3519,6668,6526,142,34,6464,6174,290,63,227,24016,584,309,0,309,330,255,0,255,357,312,0,312,757,694,0,694,750,647,0,647,1643,1407,0,1407,1867,1689,0,1689,1258,994,0,994,510,351,0,351,885,397,0,397,1315,278,739,103,1182,80,0,280,261,19,6,206,202,4,0,280,184,96,0,522,505,17,6,561,551,10,0,1263,1257,6,0,1496,1484,12,0,1019,1008,11,0,250,250,0,0,304,303,1,180,3,108,0,52,0,39306.0,42132,50704,53930,69226,44044,60576,16302,49651,13597,1659,782,613,169,356,131,206,19,406,87,7,220,92,115,102,13,819,126,187,83,104,225,264,17,666,409,257,1448,95,793,560,2660,1467,703,490,2586,1059,472,587,118,58,20,40,788,78,13,625,72,621,360,261,1332,697,41,19,22,244,222,128,1709,628,1081,105,55,30,20,613,379,34,200,13597,207,207,0,976,2274,264,737,652,580,72,133,170,142,28,315,129,0,186,566,289,277,310,72,238,309,339,118,118,0,50,726,79,642,179,178,1,60,1004,961,43,306,154,14,138,2417,757,1660,286,20,266,194,284,12772,10158,2614,27947,2955,1078,1877,24992,13079,11913,27996,721,51,1714,88,782,162,1212,142,1440,190,1757,101,2468,174,2035,0,1156,2,822,770,1782,1727,758,717,1390,1353,1486,1444,1760,1715,2501,2367,1945,1933,1357,1356,12772,1674,11098
Manitowoc County,55071,071,81406,41079,40327,69148,49106,36233,51428,0.7045,5.9,3.65,10.28,77.1,21065,1516,1147,33715,17298,57,2.84,82.07,18445,21930,45.68,1998,2300,2539,1730,909,367,343,1423,2145,2276,2814,2150,2350,2609,2822,1749,2075,1092,1772,2527,1468,942,679,1927,2110,2397,1491,737,440,390,1222,2172,2073,2393,2213,2167,2547,3098,1316,1996,1176,2032,2163,1633,1517,1117,71911,620,172,1964,90,1325,5324,4474,71047,59083,478,17,184,264,112,355,545,784,11170,2625,3664,3457,4093,1156,468,98,29613,361,46,63,208,162,321,328,304,10154,2618,3628,3861,5397,1833,204,68135,11180,18057,17441,616,208,18227,17519,708,201,507,67062,2112,1004,0,1004,710,610,0,610,1423,1318,0,1318,2145,1991,0,1991,2276,2143,0,2143,4964,4495,50,4445,4959,4645,7,4638,2822,2322,0,2322,1749,1215,0,1215,2075,1091,0,1091,2864,985,2527,412,3089,248,0,1181,1021,160,0,668,510,158,0,1057,980,77,0,1867,1826,41,0,1844,1833,11,0,3595,3523,72,0,3877,3855,22,0,2135,2108,27,0,738,738,0,0,906,904,2,781,0,242,4,124,11,40984.0,42196,49096,60420,69557,43821,60277,14171,49150,40375,5618,2874,2139,735,1374,508,716,150,1169,285,48,567,269,201,171,30,2095,116,507,223,284,549,795,128,2201,1422,779,4084,448,1959,1677,7932,5374,1151,1407,7269,2610,1341,1269,401,141,152,108,2069,390,38,1452,189,2189,1475,714,3704,1087,65,16,49,1199,801,552,4858,1475,3383,328,215,51,62,2286,1658,123,505,40375,1214,1126,88,2458,8461,438,1968,1324,931,393,133,621,486,135,1328,416,25,887,1201,648,553,1161,337,824,976,647,409,407,2,189,3501,284,1947,533,414,119,237,1090,925,165,1111,524,23,564,6261,1772,4489,1598,226,1372,795,490,35188,27129,8059,80201,7661,2927,4734,72540,37666,34874,80707,2421,65,6392,214,2781,163,3508,410,4433,462,4770,155,6261,326,5343,4,3038,0,2331,2290,6057,5812,2608,2333,3963,3631,4606,4300,4714,4608,6390,6193,5260,5228,4032,4032,35188,3617,31571
Marathon County,55073,073,138403,69850,68553,77884,51449,40299,53197,0.7575,4.84,3.86,9.93,73.3,36083,4035,1961,55924,32514,29,2.86,80.06,34475,37669,47.79,3806,4036,4981,3015,1470,591,698,2505,4267,4318,4510,4511,4152,4486,4735,2286,2945,2338,2350,3031,2192,1474,1153,3864,4370,4253,2805,1281,445,722,2427,3912,4107,4232,4556,3815,4205,4435,2226,2883,1766,2669,3390,2133,1901,2156,120384,800,251,7850,30,2319,6769,4893,119281,97134,599,92,268,472,292,354,517,1078,17253,3224,5961,6190,8851,2294,953,350,48386,655,72,168,589,270,181,369,494,14804,3484,5490,6960,10296,3670,540,113093,18509,31537,30459,1078,421,30546,29285,1261,425,836,111067,3382,1930,0,1930,1289,1074,0,1074,2505,2241,3,2238,4267,4016,0,4016,4318,3974,0,3974,9021,8317,0,8317,8638,7829,0,7829,4735,3874,26,3848,2286,1731,0,1731,2945,1813,0,1813,4688,1407,3031,500,4819,320,0,2109,1978,131,0,1044,1013,31,0,2201,2177,24,0,3463,3431,32,0,3298,3221,77,0,7747,7533,214,0,6835,6721,114,0,3538,3469,69,0,1681,1641,40,0,1337,1330,7,1372,4,368,58,221,0,42699.0,42875,49915,62021,74903,46973,61663,16302,50058,72144,12002,6235,4442,1793,2709,1134,1284,291,1863,238,175,943,507,1195,886,309,3684,253,705,257,448,1325,1170,231,5067,3205,1862,6209,646,3215,2348,10707,5561,2905,2241,15201,5868,3298,2570,804,431,108,265,4448,817,212,2889,530,4081,3026,1055,7119,2928,241,140,101,1934,724,1292,9051,2656,6395,212,119,63,30,2892,1783,127,982,72144,1638,1586,52,4047,10930,1818,3469,2475,2079,396,295,1660,1270,390,2559,1377,0,1182,3699,1335,2364,2421,514,1907,1565,1093,340,335,5,336,4000,422,3636,856,781,75,310,4061,3842,219,2196,1394,2,800,13686,3493,10193,2358,400,1958,1509,765,57866,42414,15452,136619,11887,5280,6607,124732,63900,60832,137350,4280,215,11455,606,4372,902,6306,1481,8217,742,8120,476,9438,434,7643,42,4668,8,4613,4346,11418,10946,4961,4427,7134,6606,8776,7976,8014,7804,9530,9270,7698,7677,5801,5790,57866,5745,52121
Marinette County,55075,075,42046,21374,20672,63809,47766,33807,52831,0.6399,5.24,4.52,12.14,81.63,10571,808,773,17724,8236,8,3.74,82.92,9009,10249,46.78,970,1187,1191,783,389,197,172,570,1016,1087,1152,1344,1133,1306,1785,774,1141,1033,919,1270,909,496,550,964,1128,941,768,354,124,97,725,1022,987,1209,1063,1028,1220,1595,911,1077,628,1199,1272,975,641,744,39496,214,120,214,34,330,1638,1233,39286,31486,182,19,6,162,197,217,233,277,6182,1246,2306,2285,1933,503,122,45,15571,202,19,3,67,33,175,191,176,5520,1324,2170,2069,2524,988,65,35665,4920,9939,9367,572,116,10342,9896,446,248,198,35156,870,500,0,500,369,273,0,273,570,525,0,525,1016,959,0,959,1087,941,0,941,2496,2285,8,2277,2439,2122,0,2122,1785,1467,0,1467,774,402,0,402,1141,559,0,559,1952,388,1270,139,1955,120,0,476,338,138,0,198,198,0,0,554,526,28,0,815,800,15,0,814,814,0,0,1944,1919,25,0,1939,1912,27,0,983,972,11,0,382,372,10,0,385,385,0,561,8,147,0,65,0,33125.0,40877,49807,56182,68966,42706,61021,15863,47429,19258,2745,1639,1410,229,602,84,444,74,321,49,25,121,126,183,129,54,857,50,226,49,177,220,274,87,910,722,188,1859,246,880,733,3878,2503,803,572,3853,1421,878,543,198,111,29,58,1228,189,67,850,122,1006,565,441,1696,563,21,17,4,536,310,266,2291,823,1468,121,62,28,31,1048,715,151,182,19258,757,718,39,902,4048,355,882,711,533,178,60,151,104,47,440,221,2,217,545,174,371,623,156,467,437,338,167,166,1,150,1426,78,1041,341,226,115,58,565,420,145,402,233,21,148,3173,991,2182,842,112,730,473,293,19051,15552,3499,41064,4007,1857,2150,37057,19029,18028,41542,1280,14,2917,195,1002,143,1821,139,2256,214,2272,156,3536,156,3183,8,1819,0,1182,1155,2822,2756,1278,1213,1828,1699,2263,2100,2248,2187,3574,3372,3099,3097,2137,2137,19051,2313,16738
Marquette County,55077,077,15746,8172,7574,65681,44502,33791,48835,0.6919,6.52,6.53,11.89,81.15,3791,429,253,6816,3120,8,3.34,83.41,3373,3741,47.41,396,344,546,286,183,60,47,216,354,351,410,439,460,486,669,349,471,374,409,582,306,238,196,302,430,387,269,111,82,53,152,298,381,359,440,417,458,621,294,442,298,465,488,368,236,223,14675,77,42,72,0,228,652,582,14531,11882,61,5,28,34,60,117,170,124,2747,453,874,597,638,122,40,24,5788,24,3,7,24,65,70,73,66,2385,503,862,603,808,266,10,13341,1835,3741,3611,130,36,3733,3604,129,58,71,13206,399,268,0,268,107,91,0,91,216,186,0,186,354,297,0,297,351,293,0,293,849,744,3,741,946,778,2,776,669,544,3,541,349,188,0,188,471,215,0,215,783,154,582,89,740,53,0,176,168,8,0,113,113,0,0,137,134,3,0,248,248,0,0,280,273,7,0,684,676,8,0,685,682,3,0,464,458,6,0,167,162,5,0,206,206,0,155,7,72,0,26,0,30694.0,38111,48125,55200,65300,40031,60531,12733,46683,7114,819,472,418,54,174,59,96,19,148,52,2,56,38,25,16,9,564,25,159,61,98,160,177,43,342,218,124,1040,129,465,446,976,513,260,203,1052,396,281,115,59,31,12,16,395,66,23,235,71,202,96,106,784,274,41,7,34,203,118,148,902,259,643,84,55,21,8,551,355,68,128,7114,353,351,2,554,876,95,299,294,244,50,25,78,44,34,215,90,2,123,225,134,91,274,51,223,246,207,95,91,4,66,588,16,454,97,85,12,27,186,156,30,209,149,0,60,1006,319,687,220,16,204,163,246,6987,5670,1317,15591,2035,1018,1017,13556,7036,6520,15680,440,20,1134,75,391,56,598,63,722,121,822,122,1416,67,1349,6,724,0,405,382,1055,985,382,333,623,596,796,742,875,804,1357,1316,1251,1247,810,810,6987,831,6156
Menominee County,55078,078,4252,2111,2141,62108,36356,34673,29904,1.1595,11.62,10.13,26.05,75.52,876,317,59,1525,776,0,2.76,72.24,835,586,58.76,164,169,234,108,22,61,32,76,117,114,150,59,59,107,156,50,81,27,95,119,41,18,52,174,178,165,97,30,72,5,68,124,152,72,118,65,116,181,40,123,36,80,124,48,25,48,567,35,3504,2,0,17,127,216,553,2597,14,1,11,8,11,11,28,9,627,52,160,144,151,15,0,3,1352,7,0,0,14,4,8,5,4,532,78,244,154,178,116,8,3168,720,688,647,41,2,657,528,129,65,64,3107,111,24,0,24,93,34,0,34,76,30,0,30,117,88,0,88,114,81,0,81,209,135,0,135,166,89,0,89,156,78,0,78,50,10,0,10,81,40,0,40,122,28,119,5,111,0,0,0,0,0,0,70,70,0,0,48,48,0,0,98,98,0,0,124,101,23,0,120,117,3,0,161,157,4,0,163,114,49,0,18,18,0,0,76,53,23,13,0,39,0,7,0,38750.0,27500,35455,42394,76550,33764,44792,13750,41810,1421,135,87,80,7,41,15,12,14,4,0,0,4,0,3,0,3,138,0,65,55,10,24,47,2,105,21,84,114,9,50,55,94,40,24,30,366,166,108,58,42,5,17,20,130,115,11,4,0,28,11,17,219,65,8,8,0,36,106,4,199,71,128,0,0,0,0,51,6,10,35,1421,38,35,3,64,74,2,21,34,32,2,0,42,2,40,29,9,0,20,82,67,15,124,93,31,21,55,5,5,0,12,69,16,63,22,22,0,0,9,5,4,35,21,0,14,221,45,176,169,127,42,7,207,1405,1061,344,4217,917,427,490,3300,1660,1640,4229,113,64,460,43,96,135,107,73,168,25,145,21,224,63,240,1,111,0,201,132,428,330,172,104,263,215,190,173,181,140,344,244,240,240,121,121,1405,366,1039
Milwaukee County,55079,079,926331,450049,476282,64435,50355,40236,49406,0.8144,9.24,7.98,20.51,49.89,261225,33564,10630,350767,215945,457,2.23,77.94,226564,226589,50.0,30199,31226,31706,18865,12887,7648,5548,17453,36656,36131,30555,29743,24873,25436,25973,10301,14950,9715,12020,17229,9881,5862,5192,29262,28886,31154,18143,12358,6009,7390,17992,38419,38106,33849,30211,26645,26212,28024,10917,16023,11201,14206,19387,12160,8207,11521,467429,239717,6170,45162,164,49864,117825,157150,445132,619605,5269,1722,3426,2914,3181,4041,6068,6396,84847,15883,41428,22160,63309,21611,7029,5233,325088,5583,1351,2889,2561,3153,4194,6695,5370,85293,17317,45072,27865,73767,33952,5300,743898,173411,142150,129823,12327,4754,142422,128006,14416,7600,6816,731663,25601,9792,32,9760,13196,9158,8,9150,17453,14195,118,14077,36656,31506,90,31416,36131,31508,47,31461,60298,53398,90,53308,50309,42422,72,42350,25973,19692,0,19692,10301,7021,0,7021,14950,7916,0,7916,21735,7011,17229,3551,20935,1897,0,10293,9198,1095,0,9469,8691,778,0,14691,13313,1378,4,32206,30409,1797,7,31837,30310,1527,0,51645,49706,1939,0,41493,40300,1193,0,20371,19930,441,0,6640,6555,85,0,7805,7533,272,6938,228,2438,29,1243,51,32590.0,39461,45175,64492,80573,44476,61627,15840,53117,453153,82293,35062,23346,11716,23129,11326,9279,2524,17893,2431,2343,7818,5301,6209,4491,1718,31894,3613,6357,3929,2428,11711,8128,2085,30529,17752,12777,25564,970,14427,10167,56309,26802,13591,15916,102366,36202,22081,14121,8838,3733,2137,2968,34434,6165,2711,20309,5249,22892,15871,7021,48328,19274,1793,1034,759,12348,6124,8789,53263,17654,35609,1515,358,537,620,21092,12117,2220,6755,453153,1833,1643,190,18020,47451,6018,24868,17622,15675,1947,3703,13837,9996,3841,28494,15899,317,12278,29022,13985,15037,20329,5001,15328,7544,7848,760,746,14,2042,22413,2516,22846,7992,7163,829,2497,15272,12326,2946,23296,13823,425,9048,90336,29182,61154,18263,4262,14001,11722,6609,392399,195766,196633,908298,156419,72447,83972,751879,368356,383523,919525,35842,703,78554,2796,37235,6691,55216,9654,51878,7833,43967,5904,47398,3482,38092,470,20347,86,34552,33363,79108,76586,44885,40062,69005,62655,63956,58550,52799,47841,54816,52117,44129,43895,30127,29943,392399,80462,311937
Monroe County,55081,081,46208,23698,22510,69467,48003,35803,50652,0.7068,6.57,5.16,13.95,72.76,11199,1385,710,18413,9471,363,3.15,77.7,10154,11517,46.86,1514,1766,1580,1207,493,202,292,773,1264,1450,1561,1474,1282,1469,1619,849,899,652,711,1133,753,349,406,1399,1434,1840,984,387,249,253,633,1212,1263,1549,1405,1174,1301,1573,659,879,559,830,1159,614,563,591,41596,701,395,423,1,1102,1990,2664,40701,31202,236,3,32,468,85,220,225,319,6135,1253,2284,1887,1953,537,123,111,15331,245,20,65,415,43,109,104,276,4865,1338,2052,1862,2650,954,240,36675,6242,10138,9490,648,306,9633,8953,680,278,402,35953,1275,628,19,609,494,371,14,357,773,540,12,528,1264,1135,37,1098,1450,1316,82,1234,3035,2781,149,2632,2751,2390,37,2353,1619,1262,13,1249,849,628,0,628,899,539,0,539,1363,397,1133,188,1508,84,1,645,592,53,7,410,354,56,7,427,419,8,1,906,827,79,3,996,962,34,2,2337,2312,25,6,2063,2029,34,0,1120,1108,12,0,447,447,0,0,443,421,22,474,10,152,0,57,3,36177.0,44022,47776,54192,66585,43413,60261,20969,49908,21671,2578,1468,1181,287,537,187,283,67,405,66,55,168,116,168,104,64,1370,153,235,84,151,422,470,90,1058,690,368,2629,491,1164,974,3882,1771,959,1152,4162,1355,777,578,208,87,28,93,1483,372,63,933,115,1116,763,353,2194,899,65,36,29,601,223,406,2323,631,1692,278,228,35,15,1197,787,50,360,21671,1106,872,234,1354,2909,384,1226,1119,1039,80,152,256,102,154,514,304,0,210,991,426,565,563,95,468,283,660,328,324,4,85,1294,55,1091,290,261,29,151,554,434,120,395,265,2,128,3834,979,2855,666,109,557,644,767,18301,13316,4985,45540,5343,2349,2994,40197,20966,19231,45403,1568,243,4009,508,1444,311,1876,349,2620,246,2467,241,3090,238,2475,7,1395,9,1705,1426,4168,3610,1577,1203,2151,1974,2947,2778,2465,2333,3095,2911,2523,2504,1676,1660,18301,2553,15748
Oconto County,55083,083,39589,20443,19146,75049,52262,38353,55345,0.693,4.11,4.09,8.98,85.02,10141,622,388,16949,8565,4,2.03,82.91,8946,10568,45.84,965,1135,1108,826,363,186,170,496,932,1098,1288,1146,1189,1376,1639,758,1176,758,964,1312,825,442,291,949,993,1123,690,344,205,125,461,847,1031,1135,1085,1090,1318,1578,798,991,674,723,1201,845,447,493,37016,57,539,140,0,206,1631,903,36922,29450,103,5,37,84,105,223,187,313,6370,1153,1795,2298,1817,555,121,28,14256,78,6,20,98,62,176,178,230,5244,1017,1847,2255,2194,749,70,33316,4713,9905,9628,277,92,9587,9254,333,144,189,32762,903,475,0,475,356,334,0,334,496,427,0,427,932,840,0,840,1098,1001,0,1001,2434,2208,0,2208,2565,2356,4,2352,1639,1349,0,1349,758,523,0,523,1176,610,0,610,1722,421,1312,174,1558,113,7,446,432,14,0,311,287,24,0,383,383,0,0,623,610,13,0,857,839,18,0,1849,1798,51,0,2021,2008,13,0,1237,1236,1,0,515,515,0,0,457,457,0,245,5,108,0,28,0,39922.0,45993,53139,62275,78016,47922,64469,17088,50332,19514,2987,1675,1309,366,655,233,340,82,540,140,7,300,93,117,74,43,759,23,240,79,161,175,284,37,1027,643,384,2743,184,1516,1043,3052,1700,789,563,3593,1447,928,519,296,146,96,54,934,144,17,661,112,916,570,346,1774,705,85,69,16,452,177,355,2296,706,1590,161,38,73,50,1122,830,98,194,19514,454,448,6,2139,2956,271,923,837,652,185,43,343,245,98,649,313,1,335,723,471,252,376,192,184,441,413,199,195,4,127,1402,77,783,286,242,44,76,970,845,125,593,372,7,214,3049,860,2189,810,203,607,328,246,16811,14292,2519,38981,3197,1596,1601,35784,18592,17192,39269,1182,3,3036,43,1032,44,1777,124,2272,146,2435,123,3388,185,3002,15,1504,0,1136,1120,2804,2780,1065,958,1734,1605,2204,2106,2408,2318,3365,3154,2570,2561,1672,1668,16811,1510,15301
Oneida County,55085,085,38167,19301,18866,69371,46281,35420,50000,0.7084,4.59,3.96,7.91,82.3,9706,938,766,16354,7603,0,4.06,84.73,8368,9094,47.92,728,758,1174,652,304,136,196,458,848,974,1118,861,997,1181,1675,781,1094,711,1130,1556,955,503,511,793,636,1018,617,315,139,161,436,821,896,962,916,936,1204,1433,905,1244,882,918,1418,947,581,688,35797,196,302,178,9,183,1502,654,35631,29646,68,0,16,48,12,96,204,252,4703,1265,2531,1550,2639,948,415,148,14751,94,0,6,59,70,45,55,171,3988,1238,2444,2209,2791,1350,151,33060,4514,9576,9206,370,43,9651,9194,457,122,335,32608,669,412,0,412,332,303,0,303,458,408,0,408,848,762,0,762,974,884,0,884,1979,1605,0,1605,2178,1821,0,1821,1675,1156,0,1156,781,446,0,446,1094,538,0,538,1841,527,1556,230,1969,156,1,459,444,15,0,295,284,11,0,221,206,15,0,671,639,32,0,788,788,0,0,1432,1404,28,0,1867,1825,42,0,974,949,25,0,559,549,10,0,529,515,14,486,3,200,0,79,0,36250.0,38616,41857,56580,75208,41575,63122,17565,50397,17462,2655,1310,946,364,505,172,218,115,489,80,27,199,183,351,272,79,1077,58,260,53,207,377,366,16,1319,929,390,1825,73,998,754,2218,910,731,577,3603,1123,765,358,217,71,8,138,1373,291,31,899,152,890,587,303,1539,444,60,54,6,515,303,217,2426,845,1581,56,24,18,14,744,355,64,325,17462,170,150,20,1210,1691,310,1344,434,416,18,138,441,200,241,885,461,8,416,633,264,369,803,189,614,524,511,46,46,0,93,504,180,1202,274,264,10,152,630,571,59,621,400,4,217,2986,1063,1923,796,123,673,545,339,17493,14397,3096,37594,3213,1487,1726,34381,17459,16922,37696,871,12,2468,142,871,168,1426,209,1754,161,1922,226,3338,174,3326,2,1926,9,861,851,2377,2350,1004,999,1576,1456,1873,1774,2134,2025,3574,3452,3175,3170,2117,2117,17493,1383,16110
Outagamie County,55087,087,192826,96885,95941,85069,55508,40300,60319,0.6681,3.48,2.81,8.16,71.48,53165,3588,2628,76927,46364,63,2.74,79.4,48975,54367,47.39,5671,6684,6240,4106,2326,1159,1457,3444,6397,6610,7554,5989,5646,6009,6609,2504,3843,2484,2630,4232,2247,1563,1481,5425,6631,5598,3902,2238,1035,1086,3319,5924,6171,7028,5708,5472,6009,6171,2761,4117,2552,2767,4644,2739,2269,2375,165450,3138,2225,7230,47,3434,11302,10177,163655,132505,706,190,103,377,269,291,717,1172,21034,3354,7893,9059,14896,3862,1163,712,66707,693,49,166,243,207,354,472,650,19455,4232,8336,9120,16127,5512,708,156577,26147,43630,42346,1284,235,42767,40968,1799,642,1157,153845,5069,3065,3,3062,2616,2233,0,2233,3444,3108,11,3097,6397,6058,0,6058,6610,6201,28,6173,13543,12691,21,12670,11655,10711,0,10711,6609,5580,0,5580,2504,1884,0,1884,3843,2271,0,2271,5114,1513,4232,849,5291,309,0,2762,2607,155,17,1722,1664,58,0,3032,3008,24,0,5307,5162,145,0,5192,5106,86,0,10931,10856,75,0,10096,9884,212,0,4335,4294,41,0,1692,1684,8,0,2115,2099,16,1480,28,654,23,477,0,45313.0,46678,50913,66377,80489,49804,69684,15554,51949,103342,19246,10093,6959,3134,5140,2154,2513,473,2907,467,278,1419,743,1106,777,329,5264,340,1355,332,1023,1682,1693,194,7046,4670,2376,8733,516,4745,3472,14078,8255,2950,2873,22344,7652,4108,3544,1859,1047,533,279,7494,1050,400,5179,865,5339,3333,2006,8327,2850,334,235,99,2283,1034,1826,12828,4308,8520,335,114,144,77,5141,3393,487,1261,103342,1320,1280,40,6735,15550,2134,5211,4138,3590,548,928,2428,1938,490,5448,3149,3,2296,4063,2069,1994,3003,721,2282,1611,1798,283,267,16,737,7014,883,4861,975,874,101,493,4658,4107,551,4253,2104,12,2137,17336,6004,11332,4070,1179,2891,2335,1077,78382,56026,22356,189611,11918,5327,6591,177693,89891,87802,191412,6897,132,16506,593,7490,586,10636,988,12676,780,10984,564,12264,670,9291,8,5083,5,6558,6427,16113,15566,7892,7262,10735,10359,12732,12375,11481,10857,13034,12312,9791,9779,6923,6913,78382,6395,71987
Ozaukee County,55089,089,92966,46166,46800,96996,65175,39803,70863,0.5617,2.83,2.16,5.01,72.88,24900,994,1644,37421,20862,8,3.51,81.06,22502,26078,46.32,2418,2966,2788,1871,1189,592,453,1679,2194,2380,2821,3170,2686,3006,3227,1568,1980,1476,1588,2444,1790,1067,813,2236,2658,2702,1816,1244,590,536,1512,2084,2243,2916,2829,2643,2989,2725,1656,2494,1456,2015,2526,2052,1383,1495,83279,1392,136,2028,23,1011,5097,3470,82881,65716,113,11,45,61,44,90,168,191,6390,2153,3627,2729,10064,3787,1604,1133,33506,137,0,34,83,59,45,75,283,7281,1763,3784,2923,11071,4570,884,77198,11170,22691,22007,684,139,22018,21174,844,514,330,76098,2487,1342,0,1342,1045,906,8,898,1679,1409,0,1409,2194,1994,0,1994,2380,2088,0,2088,5991,5591,0,5591,5692,5362,0,5362,3227,2901,0,2901,1568,1262,0,1262,1980,1400,0,1400,3064,1678,2444,436,3670,501,0,1681,1654,27,0,922,809,113,0,1233,1106,127,0,1895,1853,42,0,1836,1836,0,0,4653,4610,43,4,4627,4617,10,0,1935,1877,58,0,1170,1144,26,0,1447,1356,91,1029,45,323,0,288,17,33906.0,44526,53908,76357,98288,54407,86787,13929,62765,48580,12249,6244,4290,1954,2746,1107,1423,216,2186,153,721,869,443,1073,938,135,2679,137,614,280,334,907,681,340,4013,2844,1169,2709,174,1653,882,4428,2469,908,1051,11968,4763,2525,2238,943,510,208,225,3698,557,232,2272,637,2564,1783,781,3294,873,122,70,52,1217,269,813,5280,2208,3072,150,74,27,49,1810,1343,54,413,48580,629,344,285,1759,6718,1102,2548,993,829,164,556,1490,1310,180,4169,2928,80,1161,2771,1385,1386,1592,458,1134,840,911,178,158,20,293,2883,302,2495,241,212,29,184,2238,1684,554,2747,2029,41,677,7508,2841,4667,1853,427,1426,1014,566,38309,27920,10389,91125,4545,1968,2577,86580,43360,43220,92473,2718,32,7862,224,3366,181,3790,288,5718,211,5558,128,6550,186,5440,19,3585,2,2758,2689,7368,7196,3685,3557,3791,3632,5740,5616,5625,5469,6875,6626,5953,5953,4820,4812,38309,1921,36388
Pepin County,55091,091,7431,3790,3641,75256,49068,37304,51145,0.7294,5.53,4.68,9.88,82.96,1672,258,133,3029,1503,0,3.65,79.92,1636,1917,46.05,196,230,264,167,70,40,15,120,184,184,140,260,195,220,300,111,182,189,192,188,185,85,73,213,212,229,149,55,10,15,118,170,184,210,196,187,223,258,99,203,184,159,203,126,163,75,7046,31,11,48,0,99,196,198,6995,5328,17,3,6,48,10,44,26,39,1121,154,318,377,386,84,42,13,2640,20,11,0,51,3,18,9,12,855,195,389,378,496,190,7,6087,845,1851,1799,52,3,1869,1758,111,41,70,5965,166,98,0,98,55,37,0,37,120,110,0,110,184,175,0,175,184,168,0,168,400,370,0,370,415,389,0,389,300,252,0,252,111,67,0,67,182,91,0,91,381,138,188,43,343,39,0,99,78,21,0,25,25,0,0,100,100,0,0,141,141,0,0,146,146,0,0,350,332,18,0,341,338,3,0,189,180,9,0,64,64,0,0,99,99,0,75,3,51,0,7,0,48125.0,40172,49643,60489,70208,44855,57452,14279,50345,3553,545,354,337,17,87,27,31,29,70,7,6,54,3,34,9,25,198,14,32,4,28,90,61,1,235,137,98,412,71,221,120,527,237,207,83,682,294,176,118,48,12,17,19,211,66,6,131,8,129,56,73,285,110,2,0,2,95,26,52,499,152,347,23,19,3,1,147,104,7,36,3553,217,216,1,303,338,79,185,203,186,17,12,21,17,4,106,55,0,51,150,88,62,153,8,145,81,69,44,44,0,41,215,33,188,85,76,9,17,83,77,6,91,69,0,22,595,145,450,121,18,103,28,95,3046,2527,519,7329,748,343,405,6581,3399,3182,7372,221,21,589,79,175,42,267,72,361,39,393,17,504,88,562,0,335,0,281,243,553,506,191,185,330,258,406,375,410,379,560,475,537,537,339,339,3046,301,2745
Pierce County,55093,093,42584,21285,21299,92109,57368,34591,54991,0.629,5.64,4.13,5.89,75.03,12554,604,487,17366,10919,13,2.29,81.59,11381,11828,49.04,1097,1316,1198,953,830,398,377,1096,1235,1213,1256,1320,1222,1350,1481,556,929,389,771,1061,675,377,185,1053,1012,1210,805,1231,551,821,926,1085,1070,1275,1217,1120,1266,1394,603,981,566,841,804,668,386,414,39265,242,60,501,22,499,1995,1280,38888,27710,55,1,11,52,67,223,104,131,4308,1023,2025,1930,2819,878,188,205,13690,33,1,7,12,20,182,28,102,3713,828,1898,1678,3536,1284,166,35698,6548,9106,8850,256,93,9034,8672,362,84,278,35039,1475,712,0,712,775,555,0,555,1096,960,0,960,1235,1109,0,1109,1213,1105,0,1105,2576,2431,6,2425,2572,2357,7,2350,1481,1269,0,1269,556,467,0,467,929,561,0,561,1160,426,1061,236,1237,56,0,1026,932,94,16,1191,1097,94,0,844,806,38,0,951,925,26,0,867,851,16,0,2220,2161,59,9,2117,2106,11,0,1067,1051,16,0,494,484,10,0,511,506,5,283,7,111,0,68,0,54792.0,43658,55817,66462,74552,44545,67527,16450,58512,23209,3617,2046,1566,480,926,366,370,190,521,41,29,310,141,124,107,17,1294,110,143,36,107,610,420,11,1605,1026,579,2503,214,1452,837,2809,1460,784,565,4796,1538,1015,523,385,165,69,151,1756,297,65,1171,223,1117,732,385,2727,842,36,7,29,912,371,566,2533,793,1740,206,111,90,5,1119,819,60,240,23209,498,474,24,1803,3012,311,1379,913,779,134,106,484,434,50,889,531,3,355,960,508,452,680,121,559,412,381,146,146,0,245,1299,165,1175,152,127,25,63,770,683,87,892,585,0,307,4465,1726,2739,1152,275,877,442,415,15867,11905,3962,40161,3925,1658,2267,36236,18847,17389,42278,1396,85,3454,54,2339,133,2089,146,2484,83,2482,77,2788,165,2208,8,1219,0,1215,1190,3344,3299,3316,3118,1873,1776,2492,2464,2377,2310,2976,2886,2185,2177,1290,1290,15867,934,14933
Polk County,55095,095,45555,23183,22372,77219,50908,38887,54239,0.717,4.25,3.91,9.72,81.02,11648,1238,670,19210,9831,2,2.99,82.86,10497,11778,47.12,1072,1144,1514,976,473,188,247,658,1148,1168,1460,1255,1363,1522,1805,975,1103,754,874,1625,876,642,341,989,1227,1242,894,400,165,110,696,1059,1255,1289,1341,1289,1451,1848,763,1161,734,951,1404,950,681,473,42719,128,263,210,4,292,1939,1008,42344,33560,122,32,11,98,108,254,347,363,6048,1288,2545,2004,2699,677,188,127,16649,119,6,1,75,19,94,147,189,5139,1376,2344,2667,3066,1144,153,38367,5551,10937,10564,373,60,11038,10607,431,120,311,37782,1206,675,0,675,435,366,0,366,658,602,0,602,1148,1089,0,1089,1168,1044,0,1044,2715,2510,2,2508,2885,2575,0,2575,1805,1308,0,1308,975,723,0,723,1103,634,0,634,1628,468,1625,186,1859,81,0,558,541,17,0,209,165,44,4,539,484,55,0,876,830,46,0,1076,1014,62,0,2244,2230,14,0,2353,2322,31,0,1315,1306,9,0,445,425,20,0,517,514,3,430,8,167,0,69,0,36534.0,43711,50935,62426,69345,46468,64799,22466,51299,22275,3344,1844,1506,338,760,248,473,39,590,122,95,260,113,150,90,60,996,71,196,66,130,227,405,97,1150,833,317,2713,176,1532,1005,3575,1979,776,820,4324,1898,1376,522,182,76,34,72,1369,287,78,885,119,875,577,298,1901,666,84,47,37,577,203,371,2695,904,1791,149,62,52,35,1428,1049,87,292,22275,631,573,58,2021,3470,298,1129,716,597,119,100,434,278,156,728,406,26,296,827,419,408,501,198,303,575,348,132,123,9,215,1707,172,1207,152,136,16,150,667,450,217,607,399,0,208,3798,1149,2649,827,158,669,512,351,19542,15833,3709,44989,3671,1760,1911,41318,21177,20141,45177,1162,93,3390,286,1364,183,1797,267,2441,260,2609,274,3600,254,3201,22,1800,0,1274,1233,3274,3125,1345,1150,2137,1884,2622,2393,2740,2571,3772,3650,3064,3060,1946,1941,19542,1900,17642
Portage County,55097,097,70832,36104,34728,76070,52486,32998,48377,0.6821,5.68,4.41,8.04,69.73,19695,1742,857,29959,16945,45,2.47,82.98,17802,20135,46.93,1676,2086,1918,1364,1542,952,864,2271,2355,2145,2295,1838,1971,1981,2153,1040,1455,765,1249,1915,1095,621,553,1462,1735,1907,1146,1537,774,1196,1858,2084,1922,2138,1854,1814,1885,2249,762,1613,930,1439,1634,1339,838,612,63752,547,112,2039,0,1296,3086,2956,63074,46544,235,31,20,153,194,115,217,413,7680,1396,2664,2815,5493,1349,331,325,23113,189,102,61,136,125,52,294,233,6420,1283,2771,3104,5712,2244,155,60048,12322,15243,14710,533,117,14560,14086,474,249,225,59149,2441,1394,0,1394,1816,1346,42,1304,2271,2080,0,2080,2355,2267,3,2264,2145,1847,0,1847,4133,3923,0,3923,3952,3522,0,3522,2153,1914,0,1914,1040,753,0,753,1455,773,0,773,2014,524,1915,312,2269,170,0,1428,1364,64,0,1660,1513,147,0,1720,1652,68,0,1710,1667,43,0,1615,1498,117,0,3464,3434,30,0,3100,3068,32,0,1627,1590,37,0,425,425,0,0,745,734,11,613,61,138,0,106,0,31791.0,44331,48656,64875,71859,40443,63167,11352,49645,37937,6626,3416,2711,705,1667,949,571,147,1112,179,21,576,336,431,319,112,2648,74,417,140,277,948,975,234,2471,1546,925,3353,336,1809,1208,5037,2480,1349,1208,7761,2590,1221,1369,944,614,123,207,2585,373,77,1773,362,1642,1184,458,3838,1092,63,45,18,1382,472,829,4614,1570,3044,177,103,15,59,1412,858,175,379,37937,914,909,5,2260,4230,290,2076,1573,1374,199,314,1642,1438,204,1586,795,0,791,2169,1224,945,1705,277,1428,744,632,272,271,1,199,1485,96,2003,373,350,23,287,2338,2126,212,1240,815,3,422,6178,2286,3892,2023,456,1567,760,548,29679,20695,8984,68049,6863,3000,3863,61186,31689,29497,70661,2089,26,5479,152,4636,578,3608,550,3818,288,3844,108,4421,218,3919,5,2259,0,1810,1738,5164,5043,4972,4598,3674,3363,3992,3791,3699,3519,4624,4424,3994,3993,2734,2734,29679,2387,27292
Price County,55099,099,14092,7306,6786,60546,44647,33582,47520,0.7067,6.64,5.22,13.17,81.92,3355,425,293,6236,2510,0,4.32,85.35,2803,3287,46.03,261,326,421,265,139,34,48,228,276,295,350,343,413,486,603,267,524,274,385,645,378,195,150,231,341,389,230,113,80,32,134,255,274,305,340,385,465,569,239,416,284,374,521,260,242,307,13170,14,77,78,16,85,652,247,13125,10820,20,1,1,49,20,103,66,136,2518,419,680,622,632,194,50,73,5236,7,17,20,28,15,31,45,104,2058,480,615,828,706,238,31,12123,1755,3392,3212,180,98,3290,3118,172,47,125,11972,342,162,0,162,82,79,0,79,228,165,0,165,276,261,0,261,295,256,0,256,693,628,0,628,899,728,0,728,603,458,0,458,267,163,0,163,524,270,0,270,659,162,645,38,723,38,0,146,143,3,0,46,40,6,0,53,53,0,0,228,222,6,0,241,232,9,0,499,490,9,0,664,656,8,0,371,369,2,0,144,136,8,0,169,169,0,196,3,69,6,28,0,32813.0,39089,44237,59815,66063,41374,56639,17047,46598,6090,858,449,368,81,217,49,118,50,149,26,16,77,30,43,23,20,341,50,86,33,53,71,125,9,254,157,97,642,111,299,232,1192,699,271,222,980,348,192,156,79,17,35,27,306,73,22,156,55,247,158,89,513,206,14,4,10,167,52,74,810,264,546,9,8,0,1,491,313,42,136,6090,311,308,3,338,1227,27,189,291,197,94,30,76,38,38,215,115,0,100,238,120,118,139,15,124,117,89,48,48,0,22,587,24,372,100,82,18,42,188,169,19,127,74,0,53,862,253,609,195,12,183,132,104,6539,5357,1182,13918,1650,726,924,12268,6500,5768,13967,321,15,971,60,349,69,387,118,600,87,837,58,1291,93,1289,0,696,0,278,263,950,878,363,320,488,447,645,631,850,777,1224,1180,1163,1163,765,763,6539,861,5678
Racine County,55101,101,197532,98405,99127,78096,52749,39410,53652,0.7345,6.1,4.21,12.27,71.04,52045,5170,2979,78201,44051,41,3.01,79.47,46997,50170,48.37,5817,6843,6245,4229,2339,1024,1679,3516,6030,6035,6282,6091,5739,6173,6867,2979,4119,2015,3300,5153,2679,1572,1679,5401,5989,6347,4030,1971,966,919,3653,5824,5999,6229,6132,5612,6320,7243,3061,4027,2294,4178,4693,3598,2155,2486,142655,20827,920,2370,161,7284,23315,29754,135438,136564,686,281,500,672,471,744,1029,1489,22592,5012,9782,6779,11035,4195,809,637,69851,494,253,272,382,380,541,873,1210,18492,6187,9644,8952,15065,5895,726,160890,29052,39029,37523,1506,376,38855,36886,1969,914,1055,158064,5269,2560,0,2560,2703,2230,0,2230,3516,2928,2,2926,6030,5314,11,5303,6035,5285,0,5285,12373,10759,28,10731,11912,10428,0,10428,6867,5518,0,5518,2979,2219,0,2219,4119,2427,0,2427,5315,1771,5153,916,5930,374,0,2604,2129,475,13,1404,1378,26,0,3170,2928,242,20,4664,4322,342,0,4598,4505,93,0,10683,10452,231,0,9683,9363,320,0,5153,4982,171,0,1962,1953,9,0,2057,2039,18,1887,40,670,0,389,0,32345.0,43229,49547,70922,80873,46440,65664,18404,55073,97167,14578,7932,5388,2544,3193,1453,1383,357,2500,427,71,1415,587,953,715,238,5881,332,1596,780,816,1754,1859,340,6347,4023,2324,9550,470,5633,3447,13814,6775,3417,3622,19389,7200,4262,2938,1583,669,331,583,5697,814,270,3751,862,4909,3184,1725,9567,3817,567,131,436,2722,1042,1419,11938,3855,8083,488,116,246,126,5615,3194,644,1777,97167,928,905,23,6659,13507,1545,5538,4825,4147,678,373,1670,996,674,4201,1709,31,2461,4948,2731,2217,2779,527,2252,1500,1697,266,266,0,859,6730,867,5757,1474,1297,177,470,2848,2168,680,3304,1917,77,1310,16782,5478,11304,3937,532,3405,2123,1580,80406,57122,23284,192435,19848,8103,11745,172587,86707,85880,193106,6472,406,16960,399,7411,649,8891,1312,10508,1188,10573,923,12681,1098,10065,28,5560,25,6690,6638,16168,15626,7405,6879,10628,9436,12235,11486,11878,10578,14254,13666,11040,10960,7659,7645,80406,9869,70537
Richland County,55103,103,17205,8656,8549,66420,44043,36498,45680,0.799,7.78,6.76,14.3,73.86,4063,454,393,7106,3483,2,4.6,82.09,3876,4270,47.58,455,475,522,363,183,97,82,233,435,469,583,370,517,528,629,318,325,238,304,725,439,213,153,415,548,475,399,179,76,94,225,372,436,426,456,447,505,581,320,373,324,380,554,484,188,292,15947,55,11,158,0,323,711,563,15839,12384,74,6,0,177,41,99,48,123,2935,374,608,629,789,154,145,44,6138,22,0,0,116,16,105,34,38,2355,518,688,753,1058,345,55,14315,2297,3973,3836,137,39,3751,3544,207,133,74,14065,448,240,0,240,179,175,0,175,233,202,0,202,435,409,0,409,469,381,0,381,953,827,2,825,1045,882,0,882,629,525,0,525,318,195,0,195,325,193,0,193,542,186,725,208,805,57,0,210,204,6,0,114,114,0,0,175,162,13,0,322,291,31,0,331,328,3,0,682,655,27,0,806,798,8,0,484,482,2,0,230,230,0,0,222,219,3,256,0,70,1,67,1,29375.0,41056,44931,48125,78972,39784,54157,12570,45305,8146,1121,601,535,66,180,64,98,18,225,34,30,120,41,115,100,15,381,35,55,14,41,65,207,19,498,267,231,764,108,403,253,1506,744,315,447,1408,527,374,153,51,20,7,24,505,88,16,302,99,325,218,107,768,321,30,6,24,181,84,152,1033,376,657,84,43,22,19,583,421,27,135,8146,441,419,22,473,1230,97,482,301,238,63,57,153,141,12,241,107,0,134,375,167,208,207,89,118,132,81,119,119,0,37,660,47,542,85,75,10,44,195,171,24,176,125,0,51,1301,378,923,257,51,206,202,211,7250,5355,1895,16905,2458,1143,1315,14447,7366,7081,17080,455,67,1177,222,521,106,652,100,821,130,997,41,1194,77,1262,0,777,1,589,548,1373,1258,531,454,724,668,882,820,952,902,1273,1219,1258,1255,898,896,7250,1037,6213
Rock County,55105,105,164350,81804,82546,75673,50055,37617,51517,0.7302,5.06,4.2,12.88,71.16,44561,4346,2068,65393,37469,76,2.51,79.94,39488,43454,47.61,4841,5751,4966,3535,2048,896,1113,3030,5104,5136,5438,4986,4923,5275,5490,2324,3662,1953,2774,3774,2188,1595,1002,4398,4994,4985,3333,1819,727,1268,2911,4938,5150,5131,5144,4972,5221,5683,2023,3867,2221,2863,4217,2544,1941,2196,134161,7727,564,1779,9,4782,15328,16646,130867,113735,692,15,333,635,350,406,1046,1159,20163,3996,7823,5935,8888,2940,728,515,58111,501,169,116,283,510,383,683,1086,17728,4292,8471,7602,11234,4163,331,134415,23103,33683,31925,1758,655,34197,31958,2239,1151,1088,132288,4730,2229,10,2219,2009,1476,0,1476,3030,2765,0,2765,5104,4715,3,4712,5136,4645,6,4639,10424,9631,13,9618,10198,9092,44,9048,5490,4413,0,4413,2324,1746,0,1746,3662,2070,0,2070,4727,1723,3774,518,4785,352,0,1812,1740,72,28,1612,1513,99,0,2550,2419,131,0,4370,4059,311,21,4204,4071,133,0,8417,8275,142,0,8393,8118,275,0,4382,4276,106,0,1178,1165,13,0,1861,1833,28,1375,62,358,3,286,24,36267.0,43915,49132,61332,74885,45298,60399,17654,49598,82942,11421,5719,4567,1152,3183,1493,1407,283,1913,311,143,979,480,606,408,198,4902,178,941,428,513,1696,1797,290,5890,3587,2303,8410,186,4511,3713,12831,6558,2947,3326,16453,5105,2912,2193,1240,607,208,425,5785,1331,151,3738,565,4323,2585,1738,7886,2301,284,188,96,2537,1205,1559,11018,3741,7277,388,206,102,80,3743,2370,359,1014,82942,960,933,27,5413,11269,1781,5430,3967,3333,634,516,1463,867,596,3394,1682,27,1685,3306,1763,1543,2703,524,2179,1795,1457,401,382,19,561,4574,1234,5385,1013,772,241,562,1790,1485,305,2972,1498,101,1373,14555,4943,9612,2962,323,2639,1879,1600,67201,47819,19382,161769,14980,6800,8180,146789,73766,73023,163301,6229,263,13094,647,6227,748,8090,1024,9433,922,9360,780,10575,872,8374,74,4631,12,5082,4891,13717,13368,6557,5912,9098,8420,10260,9552,10192,9725,11518,10952,9261,9214,6261,6261,67201,8653,58548
Rusk County,55107,107,14179,7298,6881,59944,40576,31345,46663,0.6717,7.15,5.96,16.16,77.86,3384,384,206,5950,2576,3,2.99,81.53,2782,3337,45.46,376,459,413,275,131,50,82,191,344,333,369,348,416,502,483,289,431,238,320,578,395,135,140,294,398,379,240,121,89,50,174,335,357,353,325,373,402,421,279,406,237,372,476,318,227,255,13275,164,48,52,5,117,518,296,13194,10457,75,0,1,79,42,81,85,94,2326,384,740,575,636,120,55,28,5136,34,1,0,32,10,79,66,66,2115,453,568,782,666,224,27,11860,1654,3391,3254,137,31,3059,2957,102,47,55,11643,306,140,0,140,132,110,0,110,191,169,0,169,344,311,0,311,333,308,0,308,717,647,3,644,918,718,0,718,483,388,0,388,289,210,0,210,431,247,0,247,558,156,578,83,670,65,0,116,116,0,0,61,60,1,0,120,105,15,0,286,258,28,0,278,249,29,0,564,536,28,0,607,589,18,0,329,324,5,0,174,172,2,0,168,167,1,154,9,45,0,7,0,30667.0,35528,42058,49063,66875,37380,55957,18620,42033,6119,710,408,378,30,103,29,57,17,149,34,3,79,33,50,50,0,256,18,49,10,39,61,118,10,303,206,97,848,131,377,340,1220,606,397,217,963,347,213,134,40,8,4,28,333,45,7,255,26,243,161,82,606,308,20,15,5,144,90,44,616,273,343,58,28,20,10,539,383,19,137,6119,305,269,36,470,987,57,367,316,286,30,46,58,31,27,116,33,0,83,259,135,124,109,44,65,142,105,93,93,0,42,527,30,384,69,65,4,37,88,73,15,152,70,0,82,1013,326,687,160,15,145,87,100,6355,4948,1407,13951,1829,831,998,12122,6336,5786,14025,475,21,1062,48,361,71,467,144,645,58,868,40,1132,71,1107,1,645,0,339,319,1024,951,444,384,630,572,678,653,775,744,1106,1031,1068,1068,745,745,6355,1027,5328
Sauk County,55111,111,66009,33157,32852,79541,51358,39713,52274,0.7597,4.35,3.71,10.11,72.36,16989,1542,1336,26535,15114,29,4.07,80.03,16431,18106,47.58,1924,2052,2236,1372,655,342,422,1053,1887,2048,2094,2366,1805,2068,2379,854,1496,885,1119,1842,1096,596,566,1759,1901,2182,1326,580,241,287,1158,1803,1928,2111,2024,1941,1961,2315,944,1355,877,1199,1932,1202,734,1092,57628,517,381,296,18,2182,4987,4488,56960,46519,291,12,88,391,191,269,266,355,7751,1428,3203,2959,4335,1031,406,125,23418,320,0,13,294,140,207,218,383,6771,1781,3277,3189,4554,1762,286,53955,8241,14912,14302,610,157,15066,14262,804,309,495,53037,1617,845,0,845,764,519,7,512,1053,935,0,935,1887,1797,3,1794,2048,1948,13,1935,4460,4034,3,4031,3873,3428,1,3427,2379,2001,2,1999,854,697,0,697,1496,872,0,872,2004,863,1842,490,2258,203,0,923,884,39,0,387,354,33,0,902,842,60,0,1605,1592,13,9,1629,1580,49,10,3336,3282,54,0,3346,3313,33,0,1895,1880,15,0,744,734,10,0,667,653,14,713,2,521,1,83,0,37991.0,43312,49436,62217,70955,46243,62115,15207,53325,34537,5400,2663,2015,648,1430,559,700,171,833,211,20,367,235,474,349,125,2455,131,542,273,269,796,791,195,2204,1293,911,3562,236,1902,1424,4485,2147,1134,1204,7147,2626,1634,992,478,164,114,200,2226,353,105,1487,281,1817,1193,624,3065,967,267,174,93,1065,354,412,4471,1743,2728,176,36,89,51,1572,889,85,598,34537,866,759,107,2439,3985,684,1945,1177,958,219,221,661,445,216,1416,917,1,498,1651,708,943,1585,441,1144,663,813,152,145,7,263,1514,198,2524,335,321,14,127,1148,957,191,1317,973,5,339,5501,1799,3702,1946,411,1535,604,802,27987,20252,7735,65246,5258,2422,2836,59988,30377,29611,65491,2249,139,5157,367,2012,339,3171,474,4073,349,3684,169,4511,211,3823,15,2156,0,2130,1992,5256,4922,2435,2022,3320,2962,4124,3872,3902,3697,4602,4436,3998,3982,2825,2823,27987,2830,25157
Sawyer County,55113,113,18476,9560,8916,60801,41408,35786,41911,0.8539,7.57,8.04,13.68,76.72,4330,643,476,8189,3364,0,5.34,85.66,3840,3942,49.34,394,402,530,363,172,64,177,181,401,553,422,514,457,575,686,302,730,380,475,861,451,257,213,344,430,471,273,97,42,90,160,479,444,394,408,471,532,672,408,567,370,473,759,420,299,313,14349,118,2433,109,6,202,1259,450,14209,14286,95,5,2,71,69,76,122,77,2427,494,1172,861,1192,407,124,83,7009,31,1,22,68,17,45,97,95,2185,530,1012,794,1345,685,49,15905,2528,4447,4198,249,61,4129,3910,219,62,157,15728,490,238,0,238,241,167,0,167,181,156,0,156,401,276,0,276,553,464,0,464,936,692,0,692,1032,874,0,874,686,401,0,401,302,150,0,150,730,368,0,368,855,251,861,116,921,92,0,152,144,8,0,127,127,0,0,121,116,5,0,378,357,21,0,372,269,103,0,644,620,24,0,875,857,18,0,458,452,6,0,188,188,0,0,239,234,5,307,1,112,0,57,0,31900.0,32011,41736,51993,62411,37505,57230,15893,46599,7782,1119,572,461,111,221,105,59,57,256,93,22,99,42,70,31,39,618,43,90,72,18,238,233,14,497,353,144,776,51,449,276,932,356,358,218,1705,607,366,241,152,92,22,38,644,140,18,454,32,302,235,67,825,284,12,5,7,245,151,133,1026,350,676,71,25,11,35,213,110,40,63,7782,147,142,5,640,574,45,648,269,230,39,50,85,53,32,308,113,0,195,374,175,199,477,193,284,179,146,62,62,0,40,179,36,471,25,23,2,29,289,220,69,293,149,0,144,1645,480,1165,327,67,260,216,228,8810,6759,2051,17983,2808,1446,1362,15175,7782,7393,18080,497,6,1248,59,452,71,636,181,683,129,895,109,1553,153,1705,11,898,0,435,392,1162,1119,452,422,781,723,802,767,1003,928,1645,1490,1566,1543,948,948,8810,1205,7605
Shawano County,55115,115,41039,20659,20380,66479,44871,32473,48290,0.6725,6.32,4.8,11.02,77.53,10235,1071,698,16838,8858,53,3.42,81.5,9554,10038,48.76,1163,1123,1284,827,470,338,101,545,1065,1106,1134,1144,1135,1388,1712,717,976,614,981,1139,732,497,468,1058,1137,1298,797,372,137,199,634,950,1145,1003,1222,1171,1298,1693,639,906,513,1004,1132,918,581,573,34965,245,2485,262,6,406,2670,1334,34737,29556,136,5,27,191,84,181,201,315,7092,1040,1709,1490,1655,527,99,56,14748,55,2,47,156,86,95,181,156,5994,984,1544,2142,2184,976,72,33976,5125,9387,9027,360,57,9354,8979,375,108,267,33524,1046,528,0,528,439,362,0,362,545,424,0,424,1065,957,0,957,1106,999,53,946,2278,1888,0,1888,2523,2309,0,2309,1712,1419,0,1419,717,432,0,432,976,430,0,430,1595,375,1139,185,1697,81,0,512,480,32,0,295,287,8,0,605,601,4,0,761,754,7,0,863,821,42,2,1909,1887,22,0,2152,2078,74,0,1169,1157,12,0,383,376,7,0,417,417,0,537,14,117,1,42,0,35739.0,41584,42183,53521,64010,40754,59313,13981,46078,19592,2298,1488,1222,266,378,115,155,108,358,64,2,247,45,74,55,19,1054,125,211,126,85,300,317,101,956,654,302,2430,305,1123,1002,3300,1942,785,573,3830,1414,867,547,406,198,38,170,1180,226,88,723,143,830,539,291,2090,772,65,52,13,633,240,380,2308,767,1541,363,231,85,47,963,647,60,256,19592,772,738,34,1406,3041,292,902,512,450,62,74,298,246,52,427,172,0,255,773,361,412,661,193,468,491,389,505,505,0,155,1142,125,858,206,185,21,57,730,592,138,754,509,8,237,3203,1055,2148,1069,397,672,499,251,17246,13371,3875,40263,4478,1934,2544,35785,18302,17483,40564,1282,59,3125,144,1186,183,1681,224,1956,257,2327,194,3188,213,2721,3,1606,0,1263,1170,3219,3075,1459,1284,1779,1669,2221,2081,2469,2218,3238,2983,2609,2594,1958,1952,17246,1901,15345
Sheboygan County,55117,117,117991,59992,57999,73094,51557,39388,53634,0.7344,4.55,4.0,8.76,71.48,31285,2420,1633,48631,26856,32,2.82,81.06,28489,31873,47.2,3202,3353,4000,2527,1379,722,873,2175,3837,3485,3925,3676,3497,3878,4314,1800,2558,1554,2408,2925,1901,1131,872,2912,3323,3721,2358,1136,651,635,2082,3376,3316,3005,3904,3374,3454,3551,1709,3158,1621,2036,3466,1951,1481,1779,98331,2547,229,6812,169,2045,7858,9148,95364,82942,566,37,169,337,65,248,715,852,14709,3196,4972,5047,7110,2737,637,364,41181,428,52,185,322,153,172,551,577,13165,3656,5284,4700,7977,3279,381,97480,17242,25627,24422,1205,404,25282,24078,1204,444,760,95765,3100,1703,0,1703,1595,1217,0,1217,2175,1974,0,1974,3837,3416,0,3416,3485,2908,6,2902,7601,6427,26,6401,7375,6545,0,6545,4314,3670,0,3670,1800,1345,0,1345,2558,1645,0,1645,3962,1247,2925,400,3904,517,0,1513,1423,90,0,1058,1018,40,0,1843,1793,50,0,2937,2800,137,0,2672,2623,49,0,5831,5688,143,0,6057,6019,38,0,2853,2841,12,0,1086,1072,14,0,1580,1579,1,996,0,422,11,215,4,39875.0,42881,50237,64501,79957,46660,63747,15428,52083,60362,9583,4510,3113,1397,2753,913,1564,276,1796,389,109,827,471,524,337,187,3910,165,513,190,323,1575,1372,285,3273,2057,1216,4714,316,2430,1968,10393,5961,1568,2864,11174,4212,2246,1966,923,409,242,272,3262,473,104,2128,557,2777,1839,938,5427,1796,162,104,58,1694,828,947,7588,2354,5234,169,127,17,25,4131,2673,90,1368,60362,680,679,1,2867,12160,834,2908,1812,1384,428,372,1258,1081,177,2230,1006,11,1213,2178,1220,958,2680,609,2071,1181,713,352,308,44,217,6454,422,2811,612,579,33,188,2038,1714,324,1992,998,119,875,9052,2741,6311,2293,468,1825,1192,866,49725,35541,14184,114776,9805,4587,5218,104971,53133,51838,115632,3941,41,9440,197,4930,439,5108,874,6429,661,6809,291,8390,155,6753,21,3717,32,3658,3604,9117,8783,5047,4743,5647,5219,6875,6685,6805,6551,8414,8087,7035,7008,4806,4797,49725,4354,45371
St. Croix County,55109,109,96033,48467,47566,103046,62736,46789,64834,0.7217,3.31,3.29,6.19,78.32,26734,2051,848,38364,23627,65,1.78,79.15,24475,26669,47.86,2721,3322,3338,2300,1110,446,429,1763,2640,2926,3538,3224,3120,3423,3572,1345,1938,1242,1335,2183,1232,616,704,2656,3333,3081,2088,943,371,389,1591,2530,2760,3179,3528,3071,3179,3553,1220,2044,1016,1581,2281,1475,811,886,88464,662,60,1067,23,1185,4572,2935,87799,66152,239,16,42,76,41,249,342,277,8999,2518,4287,3946,8354,2674,503,475,33114,157,11,8,104,102,136,86,165,7665,2286,3710,4592,9579,3631,534,77582,12162,22290,21652,638,185,22586,21906,680,142,538,76179,2688,1482,0,1482,875,730,5,725,1763,1656,0,1656,2640,2480,0,2480,2926,2709,0,2709,6762,6427,29,6398,6543,6041,24,6017,3572,2916,7,2909,1345,953,0,953,1938,1138,0,1138,2577,761,2183,343,2552,138,0,1306,1269,37,0,641,636,5,0,1368,1313,55,0,2221,2220,1,0,2421,2402,19,0,5633,5618,15,0,5500,5433,67,0,2753,2670,83,0,891,891,0,0,1195,1175,20,514,4,230,2,104,0,41786.0,47807,56918,79308,84781,55117,77407,15072,62923,51144,9791,5067,3596,1471,2567,975,1287,305,1376,206,158,699,313,781,468,313,2826,107,588,186,402,1162,731,238,3701,2475,1226,4767,204,2576,1987,5584,2756,1468,1360,12721,4636,2755,1881,1105,641,233,231,4524,1145,385,2644,350,2456,1492,964,4359,1363,231,96,135,1499,275,991,5724,2069,3655,185,69,66,50,1486,881,187,418,51144,736,707,29,3585,6304,1156,2578,1971,1755,216,315,1519,1153,366,2441,1509,34,898,2287,1009,1278,1686,376,1310,1029,1062,175,175,0,441,2419,402,2643,912,872,40,216,1811,1525,286,1983,1499,61,423,9392,3425,5967,1867,316,1551,1007,1207,37511,29377,8134,95090,6274,3128,3146,88816,44727,44089,95339,3241,80,8623,298,3232,342,4483,596,6213,463,6214,280,6466,370,4729,18,2355,6,3236,3126,8445,8218,3013,2930,5045,4741,6702,6489,6239,6068,6807,6506,4878,4871,2965,2960,37511,2322,35189
Taylor County,55119,119,20024,10206,9818,69350,47027,36328,48493,0.7491,5.47,4.1,9.27,79.7,4788,497,297,8166,4104,0,3.03,80.01,4401,5334,45.21,550,590,733,457,232,78,122,287,489,471,585,608,579,632,838,321,528,306,467,545,444,168,176,578,563,692,455,224,68,53,324,425,463,535,567,556,581,666,403,495,275,368,588,310,206,423,18903,67,40,63,30,176,745,599,18788,14018,86,8,18,152,24,133,190,149,3450,533,690,729,704,224,50,17,6861,49,0,23,170,22,68,50,59,2875,586,716,853,955,379,32,16318,2503,4707,4397,310,89,4473,4361,112,24,88,16025,522,285,0,285,200,177,0,177,287,271,0,271,489,456,0,456,471,427,0,427,1193,1147,0,1147,1211,1114,0,1114,838,661,0,661,321,223,0,223,528,335,0,335,773,230,545,128,788,36,0,276,272,4,0,101,95,6,0,308,305,3,0,354,341,13,0,397,378,19,0,866,844,22,0,968,932,36,0,494,494,0,0,243,241,2,0,202,202,0,179,1,63,0,55,0,40907.0,42554,47323,52117,72819,42545,55898,19408,47766,9735,1248,773,652,121,187,56,91,40,203,61,10,94,38,85,70,15,481,33,82,3,79,159,189,18,500,336,164,1163,177,612,374,1942,848,642,452,1698,578,466,112,96,50,16,30,496,79,31,341,45,528,391,137,818,259,18,3,15,279,124,138,1147,508,639,57,49,5,3,681,439,43,199,9735,497,486,11,768,1555,104,529,664,627,37,26,134,97,37,194,42,2,150,367,115,252,209,35,174,166,121,109,109,0,73,846,48,546,86,84,2,22,261,225,36,213,123,4,86,1612,469,1143,318,25,293,154,113,8046,6413,1633,19826,1897,813,1084,17929,9294,8635,19881,542,108,1642,177,590,104,721,117,1054,139,1144,67,1606,70,1273,8,765,0,689,603,1728,1574,603,520,825,705,1088,979,1137,1070,1564,1514,1225,1222,895,895,8046,746,7300
Trempealeau County,55121,121,30839,15726,15113,76313,50338,40878,52181,0.7834,5.7,4.21,9.1,74.0,7144,966,440,11989,6685,0,2.91,76.24,7125,8195,46.51,1138,1220,1073,730,354,142,119,512,771,853,951,953,878,1000,1115,398,733,488,574,682,459,261,322,1073,1228,1108,651,301,93,157,461,802,793,923,824,794,911,1145,341,536,385,544,715,493,449,386,26190,107,346,142,73,2609,1372,3997,25871,20479,103,37,90,230,179,161,89,201,4328,493,1245,1475,1268,400,92,47,10041,98,24,52,151,176,35,72,203,3140,666,1375,1580,1539,839,54,23999,3858,6648,6406,242,57,6561,6329,232,105,127,23462,778,357,0,357,261,233,0,233,512,481,0,481,771,714,0,714,853,792,0,792,1904,1779,0,1779,1878,1758,0,1758,1115,894,0,894,398,333,0,333,733,456,0,456,1062,376,682,105,1042,149,0,427,421,6,0,170,170,0,0,441,419,22,0,611,593,18,0,689,664,25,0,1464,1442,22,0,1523,1503,20,0,931,925,6,0,243,240,3,0,312,308,4,292,3,104,0,44,0,42449.0,43219,51052,63849,67896,46523,58929,17798,49292,15320,2266,1443,1272,171,399,127,168,104,330,47,33,139,111,94,60,34,649,74,104,24,80,152,311,8,890,554,336,1662,157,958,547,2728,1293,745,690,2960,1126,626,500,217,102,62,53,1041,103,28,802,108,576,349,227,1409,475,45,12,33,357,264,268,1840,487,1353,94,37,11,46,822,498,38,286,15320,802,708,94,1125,2578,262,819,657,561,96,65,209,168,41,387,202,0,185,535,290,245,286,28,258,271,199,235,219,16,92,1413,110,736,168,135,33,73,503,467,36,315,202,0,113,2711,922,1789,305,14,291,197,267,12533,9274,3259,30381,3013,1280,1733,27368,14291,13077,30517,1206,150,2797,168,930,153,1227,274,1701,200,1742,136,2043,203,1710,6,958,0,1238,1097,2935,2524,1037,932,1445,1236,1732,1609,1705,1523,2022,1844,1625,1619,1174,1174,12533,1140,11393
Vernon County,55123,123,31049,15758,15291,71893,49375,40454,49862,0.8113,6.85,6.24,9.07,80.27,6909,1207,561,12075,6035,9,3.67,76.63,6589,7288,47.48,1072,1087,1266,758,379,208,94,415,718,787,837,879,838,852,1039,529,739,545,617,907,553,388,251,1055,996,1172,675,328,200,118,387,664,731,855,860,789,900,961,406,857,443,763,744,595,404,388,29338,90,19,65,0,279,1258,548,29271,20839,40,4,9,588,50,114,191,161,4005,624,1424,1156,1382,482,173,76,10360,25,7,18,557,43,62,61,89,3084,629,1213,1489,2037,826,99,24401,3641,6963,6685,278,119,7082,6814,268,137,131,23939,879,473,0,473,302,222,0,222,415,346,2,344,718,610,0,610,787,678,0,678,1716,1388,7,1381,1690,1442,0,1442,1039,862,0,862,529,337,0,337,739,403,0,403,1162,425,907,187,1192,130,0,395,360,35,0,231,220,11,0,237,223,14,0,467,462,5,2,584,572,12,2,1307,1296,11,3,1398,1373,25,0,761,753,8,0,312,310,2,0,468,466,2,365,19,113,2,76,2,36190.0,43992,48324,59774,61325,44167,59259,12280,49438,13877,2124,1210,1037,173,383,110,192,81,345,59,22,186,78,186,138,48,651,28,183,92,91,142,248,50,827,517,310,1726,216,791,719,1960,869,646,445,2927,1006,655,351,137,57,28,52,951,167,36,677,71,833,524,309,1434,532,59,30,29,448,220,175,1586,499,1087,98,64,20,14,544,328,55,161,13877,679,663,16,1019,1377,239,846,737,556,181,184,146,119,27,467,217,2,248,802,284,518,221,46,175,304,267,155,155,0,53,547,175,713,124,98,26,97,441,396,45,367,238,1,128,2952,847,2105,455,81,374,267,243,12424,9973,2451,30692,4018,1915,2103,26674,13631,13043,30807,822,432,2440,688,707,298,1059,289,1431,266,1521,169,2119,185,2013,42,1152,5,1223,760,2824,2058,950,719,1325,1090,1709,1483,1685,1519,2224,2098,1943,1913,1286,1274,12424,1127,11297
Vilas County,55125,125,23647,12259,11388,68431,43356,31494,47542,0.6624,5.06,6.0,9.85,84.03,5411,780,589,10489,4243,4,5.17,85.56,4832,5700,45.88,484,732,423,406,200,31,98,299,477,544,476,612,553,690,1105,455,854,525,904,957,623,456,355,416,402,622,342,122,31,58,264,423,515,600,428,540,648,1092,391,801,368,700,1159,637,488,341,20150,65,2015,91,0,152,1174,541,20054,18717,83,2,0,38,46,74,105,124,3065,621,1572,1016,1851,615,237,137,9131,33,0,8,3,6,25,30,61,2763,667,1435,1149,1992,742,150,20568,2667,5929,5720,209,80,5981,5810,171,16,155,20344,475,312,0,312,129,117,0,117,299,235,0,235,477,422,0,422,544,513,0,513,1088,994,4,990,1243,1081,0,1081,1105,929,0,929,455,307,0,307,854,366,0,366,1429,378,957,170,1434,146,0,157,138,19,0,59,59,0,0,233,226,7,0,317,297,20,0,447,414,33,0,757,731,26,0,1028,1012,16,0,831,787,44,0,215,215,0,0,368,364,4,335,0,182,0,72,0,33802.0,37429,41947,55288,63693,39960,60579,16667,48542,10532,1928,1163,946,217,324,102,128,94,297,95,10,111,81,144,102,42,977,71,152,70,82,227,426,101,753,564,189,1191,35,818,338,851,340,267,244,2026,765,478,287,134,74,13,47,679,100,30,444,105,448,332,116,1081,281,48,20,28,355,275,122,1481,561,920,35,19,1,15,209,87,28,94,10532,264,127,137,950,546,221,639,401,323,78,39,337,95,242,500,199,0,301,677,267,410,592,228,364,273,261,40,25,15,86,153,31,763,85,74,11,61,427,282,145,360,181,8,171,1637,541,1096,638,176,462,229,322,11147,9367,1780,23381,2587,1404,1183,20794,10682,10112,23492,566,11,1556,27,462,95,791,160,935,131,1069,164,2178,230,2378,0,1421,0,526,500,1317,1288,452,435,895,832,1028,893,1188,1089,2284,2162,2218,2209,1410,1410,11147,1098,10049
Walworth County,55127,127,105657,53145,52512,80520,52409,34779,51931,0.6697,4.88,4.48,7.7,70.63,28371,3214,1567,44021,24561,53,2.98,82.83,26125,29999,46.55,2384,2583,3499,2132,1845,1016,1316,2702,2963,2812,3125,2901,2873,3272,3487,1698,2522,1185,2509,2620,1630,1200,871,2267,3102,2629,2014,1731,1250,1159,2386,2669,2584,3103,2608,2924,3327,3830,1559,2290,1646,1896,3002,1728,1375,1433,90011,853,392,916,43,4848,8594,12821,87752,71642,370,94,352,264,204,343,466,890,10771,2606,5259,3193,7278,2257,820,501,35974,316,111,245,223,141,240,368,392,9907,2193,5346,4135,8012,3535,529,89193,15799,23698,22443,1255,338,22335,21306,1029,388,641,87955,3319,1719,0,1719,2332,1869,0,1869,2702,2279,0,2279,2963,2769,8,2761,2812,2652,39,2613,6026,5524,6,5518,6145,5635,0,5635,3487,2930,0,2930,1698,1261,0,1261,2522,1579,0,1579,3694,1642,2620,704,3701,399,0,1825,1767,58,0,1856,1775,81,0,2044,1979,65,3,2415,2352,63,0,2112,2039,73,0,4841,4667,174,0,5316,5213,103,0,2797,2721,76,0,932,923,9,0,1143,1125,18,942,29,457,7,165,0,41322.0,42695,48478,62089,80359,43033,64448,12576,49230,56124,8880,5045,4084,961,1623,754,696,173,1717,269,262,838,348,495,414,81,3680,164,703,290,413,1471,1072,270,3989,2750,1239,5552,237,3111,2204,7898,4366,1519,2013,10887,3616,2359,1257,980,394,196,390,3831,580,212,2530,509,2460,1591,869,5858,1908,155,54,101,2047,587,1161,6551,2030,4521,190,56,72,62,2639,1449,330,860,56124,873,843,30,4140,7219,851,3778,1630,1270,360,448,1095,705,390,2753,1348,17,1388,2510,1435,1075,2716,666,2050,987,999,357,357,0,476,3049,321,2523,778,721,57,301,1682,1248,434,2120,1229,31,860,9396,3526,5870,3095,693,2402,1337,690,43087,30431,12656,102780,9622,4603,5019,93158,47377,45781,104916,2786,47,8603,108,5772,773,4328,734,5309,684,5565,568,7245,455,6286,13,3562,0,2794,2618,8113,7840,5961,5565,4912,4300,5707,5235,6244,5895,7666,7376,6468,6458,4213,4213,43087,3316,39771
Washburn County,55129,129,16854,8493,8361,63441,43424,30773,48913,0.6291,5.93,5.62,11.54,82.18,4108,431,390,7129,3219,1,4.66,83.94,3609,3747,49.06,324,440,468,319,181,69,21,263,327,336,412,410,419,584,714,427,431,312,529,666,449,241,151,310,388,479,307,136,80,56,206,337,342,356,486,420,517,747,314,494,354,396,710,412,228,286,15666,45,170,78,3,119,773,353,15577,12807,55,11,2,43,53,53,82,159,2436,506,739,701,1056,356,107,49,6399,37,0,18,38,6,40,93,79,2187,543,789,870,1240,360,77,14445,1804,4221,4086,135,35,4200,4035,165,91,74,14195,368,179,0,179,90,69,0,69,263,219,0,219,327,285,0,285,336,308,0,308,822,698,0,698,1003,788,1,787,714,548,0,548,427,285,0,285,431,177,0,177,841,232,666,80,841,61,0,196,185,11,0,62,62,0,0,167,167,0,0,259,250,9,0,263,233,30,0,667,649,18,0,751,732,19,0,507,504,3,0,210,204,6,0,235,233,2,203,2,151,19,36,0,37167.0,34712,43225,54931,69063,37953,61046,13733,46159,7356,996,522,398,124,214,72,94,48,169,46,4,87,32,91,68,23,469,16,106,29,77,122,178,47,477,280,197,794,48,413,333,1011,507,253,251,1385,520,305,215,93,36,38,19,453,107,16,306,24,319,180,139,765,206,25,19,6,317,104,113,1068,440,628,56,28,16,12,335,233,32,70,7356,188,186,2,525,912,64,416,238,227,11,51,162,97,65,268,144,0,124,323,154,169,186,67,119,190,224,55,55,0,46,444,31,577,66,62,4,34,240,175,65,247,147,2,98,1231,447,784,368,37,331,116,154,7566,6218,1348,16684,1927,938,989,14757,7488,7269,16714,435,14,1184,46,379,72,549,57,756,54,907,95,1416,153,1479,8,829,0,388,366,1175,1105,453,411,625,590,842,786,934,888,1555,1433,1444,1444,865,865,7566,873,6693
Washington County,55131,131,137879,68866,69013,96359,61392,47452,64215,0.739,3.19,2.6,5.12,78.07,38012,1937,1793,56314,32811,59,2.6,81.77,34604,39980,46.4,3226,3795,4522,2834,1502,669,635,2285,3622,3952,4565,4373,4241,4785,5868,2114,3095,1929,2590,3493,2371,1160,1240,3426,3553,4823,2746,1428,582,370,2464,3200,3665,4601,3978,3933,4837,5134,2402,3287,1785,2683,3990,2448,1742,1936,126038,1836,188,2019,22,1301,6475,5174,124357,99019,455,16,0,134,103,243,559,796,14850,3617,6752,5920,11710,3454,414,375,49621,193,1,49,158,236,415,358,434,13219,3792,5806,6096,12328,5420,506,114534,16921,34344,33332,1012,314,32689,31410,1279,289,990,112518,3327,2178,15,2163,1304,1084,0,1084,2285,2128,0,2128,3622,3246,0,3246,3952,3700,16,3684,8938,8332,21,8311,9026,8499,0,8499,5868,5281,7,5274,2114,1676,0,1676,3095,1792,0,1792,4519,2109,3493,644,4771,435,0,2067,2026,41,0,775,737,38,0,2214,2142,72,0,2886,2776,110,0,3122,2956,166,0,7378,7179,199,0,7794,7688,106,0,4059,3967,92,0,1724,1699,25,0,1655,1641,14,1270,16,294,0,229,7,47446.0,48889,58170,79055,87305,55195,75360,16621,60070,74584,14814,8031,5438,2593,3965,1851,1807,307,2295,322,131,1152,690,523,306,217,3377,168,964,370,594,789,1228,228,5640,3753,1887,6889,328,3779,2782,9260,5660,1861,1739,16950,6493,3596,2897,1337,608,422,307,4770,695,350,3022,703,4350,3152,1198,5157,1749,308,151,157,1284,505,1311,9704,3033,6671,206,23,75,108,2587,1725,178,684,74584,745,631,114,4647,11765,1465,4954,1749,1310,439,608,2509,1962,547,4250,2726,40,1484,2919,1614,1305,1659,549,1110,1303,1407,237,210,27,672,4926,560,4156,618,524,94,416,2617,2221,396,2887,1974,84,829,12610,3937,8673,2243,563,1680,1671,991,57070,44552,12518,137146,7938,3561,4377,129208,64966,64242,137336,3956,65,10962,209,4597,269,6350,535,8563,314,8471,548,10780,271,7983,11,4701,0,4216,4156,10921,10616,4812,4686,6301,6013,8579,8192,8770,8576,10818,10545,8393,8393,5941,5932,57070,2920,54150
Waukesha County,55133,133,411762,204206,207556,106076,67176,48265,70964,0.6801,3.14,2.09,4.37,75.98,112676,5791,6376,165901,96623,202,3.07,81.24,102947,115997,47.02,10529,12298,12767,8649,4541,1951,2444,6660,10601,11296,13420,13946,12803,13418,14997,6211,9086,5542,7335,11093,6318,4486,3815,10035,11611,12317,8092,4186,2022,1811,6789,10212,11096,13082,13522,12476,13412,14910,6072,10162,5539,8264,11917,7625,5448,6956,357179,6501,1028,15988,32,5609,25425,23650,350148,295060,603,123,125,262,479,343,564,1775,29558,8517,19037,14101,45690,16147,4778,2265,150693,662,158,242,252,138,412,626,1512,30568,8868,17266,14652,49062,20042,3688,342205,49058,101941,98716,3225,977,98323,95193,3130,952,2178,336820,10479,5679,0,5679,4395,3474,20,3454,6660,5602,8,5594,10601,9818,56,9762,11296,10737,45,10692,27366,25729,30,25699,26221,24422,43,24379,14997,13387,0,13387,6211,5129,0,5129,9086,6475,0,6475,12877,5042,11093,2192,14619,1449,0,5486,5317,169,0,3034,2878,156,0,5969,5707,262,32,8957,8806,151,0,9494,9403,91,0,23058,22408,650,20,21947,21505,442,0,11477,11325,152,0,3786,3716,70,0,5591,5558,33,4046,10,1408,27,870,4,34726.0,47892,57268,79157,97787,59220,86249,16275,66866,218944,55663,28577,20160,8417,15806,7926,6915,965,6904,900,892,3288,1824,4376,3438,938,10963,538,2897,1458,1439,3035,3376,1117,17292,11956,5336,13881,284,8418,5179,18198,9885,3990,4323,56093,21535,11436,10099,4397,1900,1366,1131,15501,2161,1241,10171,1928,14660,11678,2982,15312,4253,665,321,344,5221,1476,3697,26392,9946,16446,507,134,261,112,4643,2576,690,1377,218944,759,598,161,11981,27838,4443,12000,6251,4852,1399,1855,9485,7360,2125,14197,10144,148,3905,12531,5837,6694,7210,2378,4832,3542,3905,393,341,52,2156,10226,1579,10694,2052,1729,323,1288,9539,7846,1693,10677,7577,191,2909,39210,13561,25649,7443,1609,5834,5295,2395,168658,128147,40511,407958,21331,8522,12809,386627,194068,192559,409561,12868,230,32715,793,14267,1225,17826,1423,25992,1269,25308,839,29217,1035,23767,69,14346,0,12351,12012,32187,31570,14048,13352,19528,18577,26598,25697,25856,24930,31051,30120,25621,25378,19132,19082,168658,7378,161280
Waupaca County,55135,135,51569,26324,25245,72830,51920,37157,56984,0.6521,5.83,4.57,9.95,75.32,13592,1622,635,21681,11373,3,2.52,82.36,12001,13413,47.22,1308,1230,1784,1031,529,319,267,785,1354,1480,1553,1598,1628,1740,1823,990,1552,582,1087,1654,834,652,544,1237,1321,1508,950,419,187,252,754,1389,1337,1404,1575,1484,1694,2158,780,1182,975,1088,1172,917,662,800,48037,285,109,139,1,657,2341,2006,47642,37688,121,35,42,230,66,371,393,489,8497,1210,2216,2049,2435,746,121,50,18617,125,21,5,173,106,176,222,266,7662,1431,1859,2192,3175,1054,103,43181,6795,11773,11197,576,170,12180,11708,472,171,301,42526,1239,544,0,544,586,506,0,506,785,735,0,735,1354,1251,0,1251,1480,1376,3,1373,3151,2566,0,2566,3368,2995,0,2995,1823,1431,0,1431,990,631,0,631,1552,787,0,787,1669,509,1654,244,2030,140,0,564,527,37,0,397,381,16,0,576,562,14,0,1113,999,114,0,1177,1100,77,7,2547,2514,33,0,2681,2633,48,0,1668,1634,34,0,435,411,24,0,626,612,14,410,1,108,15,110,0,41403.0,47054,52858,60289,74271,47571,64974,15870,49342,25414,3282,1824,1331,493,715,203,420,92,556,77,87,336,56,187,140,47,1468,85,221,105,116,332,757,73,1237,866,371,2659,185,1435,1039,4767,2607,731,1429,4324,1573,1041,532,353,165,111,77,1397,185,31,1057,124,1001,613,388,2372,774,67,33,34,814,290,427,3562,1284,2278,163,45,33,85,1580,965,143,472,25414,633,628,5,1502,5422,303,1074,767,630,137,181,280,173,107,937,348,0,589,805,397,408,494,145,349,552,463,185,185,0,150,2140,107,1480,291,262,29,86,857,757,100,635,255,3,377,3870,1357,2513,1099,186,913,575,526,22571,17000,5571,50283,5227,2296,2931,45056,23152,21904,50547,1401,45,3989,172,1637,297,2099,348,2731,356,3016,286,3999,335,3176,0,1633,5,1404,1330,3767,3583,1774,1700,2400,2308,2963,2776,3178,2983,4120,3825,3193,3182,2223,2220,22571,2246,20325
Waushara County,55137,137,24868,13166,11702,67107,45629,32488,49496,0.6564,6.14,4.77,12.37,84.18,5465,903,370,11264,4488,0,3.16,85.55,4855,6185,43.98,548,677,581,401,250,114,71,397,630,724,712,805,779,855,1074,466,741,497,636,985,643,375,205,481,630,666,425,199,62,103,333,508,514,549,584,635,725,1033,381,703,316,590,916,535,493,321,22058,450,160,111,2,787,1300,1740,21697,18930,72,24,10,213,85,202,306,170,4517,803,1185,994,1074,311,120,41,8803,110,4,12,152,147,69,132,160,3266,825,1072,1056,1191,494,60,21285,3125,6120,5691,429,104,5515,5268,247,99,148,21025,555,302,0,302,185,159,0,159,397,334,0,334,630,543,0,543,724,547,0,547,1517,1274,0,1274,1634,1311,0,1311,1074,837,0,837,466,280,0,280,741,353,0,353,1133,230,985,151,1223,117,0,272,265,7,0,144,121,23,0,278,259,19,3,365,343,22,0,416,416,0,0,942,898,44,0,1020,983,37,0,644,606,38,0,236,236,0,0,364,361,3,200,2,116,1,51,0,32763.0,41531,46793,53000,70093,40831,58655,16160,46467,11040,1352,764,675,89,306,85,151,70,184,25,6,86,67,98,81,17,903,70,285,65,220,234,292,22,576,384,192,1275,230,526,519,2079,1216,504,359,1702,648,448,200,88,42,15,31,463,58,19,351,35,503,291,212,1143,392,54,4,50,391,156,150,1291,375,916,108,81,19,8,611,379,33,199,11040,517,512,5,794,1845,153,520,476,389,87,78,101,55,46,404,140,7,257,387,184,203,309,41,268,208,393,193,188,5,72,672,76,552,107,104,3,46,222,195,27,283,157,3,123,1647,474,1173,480,70,410,239,266,10586,8911,1675,23928,2612,1142,1470,21316,11226,10090,23990,566,105,1401,242,569,164,853,234,1156,181,1277,188,2062,136,2060,10,1203,3,602,537,1722,1535,639,519,939,836,1114,972,1350,1219,2095,1919,1822,1820,1297,1297,10586,1310,9276
Winnebago County,55139,139,171769,87239,84530,74925,52426,37355,52738,0.7083,6.43,4.91,9.6,65.77,47032,3768,2039,71561,40309,126,2.41,82.03,42271,48514,46.56,4586,5042,5016,3122,2421,1307,1675,4345,6256,6065,6333,5259,5270,5306,5537,2592,3407,2158,2324,4006,2208,1774,1230,4182,4773,4835,3138,2501,1617,1918,3698,5429,5159,5345,4910,4668,4886,5693,2360,3224,2153,2547,4407,2636,1956,2495,148625,4785,657,5561,66,2203,9872,8736,145904,117593,475,39,274,213,327,613,858,1224,19249,3753,8204,7597,11832,3433,938,696,57868,382,3,5,210,155,399,747,609,17188,3942,7462,7071,13136,5346,664,143335,28083,35405,33739,1666,601,32558,31171,1387,537,850,141291,4509,2509,0,2509,2982,2447,0,2447,4345,3877,0,3877,6256,5573,0,5573,6065,5330,0,5330,11592,9989,22,9967,10576,9285,104,9181,5537,4609,0,4609,2592,1849,0,1849,3407,1814,0,1814,4482,1659,4006,446,5212,334,0,2485,2331,154,0,2546,2519,27,0,3281,3238,43,0,4693,4600,93,0,4371,4285,86,77,8642,8523,119,0,7761,7626,135,0,4289,4227,62,0,1504,1485,19,0,1519,1475,44,1134,49,496,112,332,0,41413.0,42437,50037,63968,79363,45289,63925,15843,50905,90785,15193,6917,5071,1846,4522,1909,2393,220,2598,358,293,1312,635,1156,761,395,5895,267,1332,513,819,2258,1755,283,6576,3853,2723,5857,155,3053,2649,14993,7826,2849,4318,17946,6403,3800,2603,1267,617,340,310,6240,1435,406,3623,776,4036,2576,1460,7938,2825,210,124,86,2029,1280,1594,11598,4247,7351,339,83,95,161,4450,2807,494,1149,90785,530,474,56,4113,15898,1483,5622,3552,3284,268,598,1968,1560,408,4077,1996,34,2047,3936,1930,2006,3259,367,2892,1599,1879,141,137,4,355,6446,658,5278,938,919,19,410,2864,2355,509,4043,2030,83,1930,14368,4772,9596,2843,292,2551,2370,1557,72667,47791,24876,164992,18699,8094,10605,146293,74819,71474,167797,5431,67,12885,582,8493,1000,9282,1173,10162,601,9427,548,10644,446,8210,24,5076,9,5191,5001,13201,12819,9286,8562,9421,8852,10093,9710,9519,9111,11244,10797,9061,9033,6721,6721,72667,6976,65691
Wood County,55141,141,74004,36947,37057,67989,46695,35480,50301,0.7054,6.1,4.67,13.16,72.58,19244,1834,803,29886,16554,15,2.17,80.89,17357,18368,48.59,2003,2304,2269,1523,762,275,324,1252,2050,2155,2439,2015,2079,2300,2658,1271,1783,1162,1311,2049,1383,684,896,1939,2117,2212,1478,678,245,362,1122,2150,2019,2284,1996,1934,2272,2647,1162,1801,1034,1507,2215,1545,837,1501,67397,541,205,1293,2,967,3599,2763,66780,53139,224,0,40,165,67,180,347,566,10814,1990,3171,3631,3426,899,528,187,26904,180,24,35,110,159,167,377,256,9330,1982,3614,4323,4488,1484,207,61160,9730,15949,15533,416,107,16017,15301,716,206,510,60132,1800,884,0,884,599,563,2,561,1252,1158,0,1158,2050,1925,0,1925,2155,1941,2,1939,4454,4014,1,4013,4379,3824,10,3814,2658,2117,0,2117,1271,843,0,843,1783,852,0,852,2473,812,2049,286,2963,179,0,1139,1092,47,0,547,535,12,0,968,918,50,0,1771,1696,75,0,1663,1655,8,0,3774,3662,112,0,3441,3415,26,0,2033,1986,47,0,735,730,5,0,868,865,3,521,0,155,1,127,89,37000.0,41319,44154,56242,75421,42783,61306,18713,46588,35725,4781,2374,1637,737,1181,433,446,302,733,169,53,428,83,493,348,145,2161,186,485,302,183,605,683,202,2128,1251,877,3842,342,1866,1634,5456,2394,1651,1411,7143,2299,1148,1151,573,313,56,204,2368,495,146,1428,299,1903,1248,655,4103,1579,151,98,53,1159,491,723,4319,1176,3143,182,110,48,24,1610,1022,203,385,35725,841,832,9,2201,4279,493,2067,1701,1503,198,192,800,593,207,1221,602,5,614,2179,811,1368,919,199,720,856,619,237,237,0,159,1678,273,1878,511,447,64,266,994,873,121,1339,826,4,509,7279,1650,5629,1455,520,935,818,470,32253,23408,8845,73140,7875,3412,4463,65265,33106,32159,73543,2446,45,5908,178,2276,278,3241,513,3944,500,4112,251,5391,292,4467,2,2929,0,2354,2268,5812,5621,2467,2343,3684,3432,4273,4164,4187,3893,5593,5412,4679,4679,3721,3721,32253,4244,28009
